tree_id,num_tweets,max_links,max_out_degree,label
552806610490646528,346,13,13,non-rumour
552797154692300800,301,6,5,non-rumour
553174338380517376,205,17,16,non-rumour
552993818816299008,178,7,6,false-rumour
552793552376569857,171,10,10,true-rumour
553514329166061568,164,10,10,non-rumour
553480876315901953,147,15,15,non-rumour
553100203239428097,141,6,6,non-rumour
552792271243210754,134,11,10,true-rumour
552848590373392384,132,15,15,non-rumour
552821977061556225,126,12,12,non-rumour
553479280014151681,110,8,8,non-rumour
552787361437057024,109,14,14,non-rumour
552846811359350788,106,10,10,non-rumour
552805488631758849,106,12,12,true-rumour
552808071387701248,106,13,13,unverified
552795773180858368,103,9,9,true-rumour
553210306877739008,100,7,6,non-rumour
552822330141851649,98,11,10,non-rumour
552837907174948864,98,5,4,non-rumour
553143905039159297,98,6,5,non-rumour
552812984343330816,96,9,8,non-rumour
552820842544246784,96,7,7,non-rumour
553112060788473856,96,8,8,non-rumour
553542784800792577,94,13,13,non-rumour
552802099331735552,93,7,7,non-rumour
552849865680494595,92,6,6,non-rumour
552829096816693248,91,8,7,non-rumour
552817293969739778,85,16,15,non-rumour
552834229722038273,85,7,6,non-rumour
553111157738057728,84,7,7,non-rumour
553209912550240256,84,6,5,non-rumour
552819936343883776,83,12,11,non-rumour
552979466050613248,83,11,11,non-rumour
553189840913989633,82,11,11,non-rumour
552815712327454720,81,10,10,non-rumour
553223882128490496,81,4,4,non-rumour
553200769671761920,79,8,8,non-rumour
552985855854661633,78,13,13,true-rumour
553224402012078081,77,10,10,non-rumour
552829734502297600,76,6,5,non-rumour
553128245420257280,74,12,12,non-rumour
553204986474422273,74,10,10,non-rumour
552819649599897601,73,10,10,non-rumour
553177099843149824,70,8,7,non-rumour
553506337121107968,70,11,11,non-rumour
552834842837409793,68,16,16,non-rumour
552807904597008385,66,6,6,non-rumour
552848478196736000,66,17,17,non-rumour
552801979861598208,65,11,11,non-rumour
552815122897727488,65,10,9,non-rumour
553531783992868864,61,10,10,non-rumour
552788886355996672,61,10,10,true-rumour
552812475134275584,59,13,13,non-rumour
552849157694947328,59,9,8,non-rumour
553180236591169536,59,8,8,non-rumour
553486601146617856,58,9,9,non-rumour
553542565593878528,58,11,11,unverified
552838287929663489,57,10,10,non-rumour
553185404657352704,57,11,11,non-rumour
553189526177579008,57,17,17,non-rumour
553200085132009475,57,16,16,non-rumour
552810032765497345,56,9,9,non-rumour
552845711289909248,56,7,6,non-rumour
553234578086055937,55,7,7,non-rumour
552814566594576386,54,9,9,non-rumour
552823108537954306,54,11,11,non-rumour
553162401940770816,54,9,8,non-rumour
553205492458475520,54,16,16,non-rumour
553216451780554752,54,8,8,non-rumour
552819155859431424,53,5,5,non-rumour
552821810224304128,53,7,7,non-rumour
552823933381394432,53,5,5,non-rumour
552851679905734657,53,15,15,non-rumour
553555156391186432,53,10,10,non-rumour
552831515940634624,52,8,8,non-rumour
553110783761338368,52,16,16,non-rumour
552845136414380032,52,5,4,unverified
553133704881917952,52,19,19,unverified
553214700155330560,51,15,15,non-rumour
553496489641902080,51,18,18,non-rumour
552805050620604418,50,19,18,non-rumour
552811319079227393,50,13,13,non-rumour
552843174218321921,50,8,8,non-rumour
552845868932800512,50,13,13,non-rumour
553214219899117568,50,8,8,non-rumour
552833681111658496,49,7,7,non-rumour
553105460887572480,49,7,7,non-rumour
553111553235361792,49,5,4,non-rumour
553215383256432640,48,12,12,non-rumour
553574709669814272,48,12,12,non-rumour
552984916070531072,48,8,8,false-rumour
553529196216344576,48,8,8,unverified
552804301316579330,47,13,13,non-rumour
552831107985858560,47,9,9,non-rumour
552844104418091008,47,15,15,non-rumour
553181899662049281,47,6,5,non-rumour
553215523602046976,47,16,16,non-rumour
552811606640721921,46,13,13,non-rumour
552812140479148032,46,10,10,non-rumour
552821437678223361,46,9,9,non-rumour
552825236715208707,46,13,13,non-rumour
553136990787342336,46,6,6,non-rumour
553485654030446592,45,9,9,non-rumour
553555948883959809,45,6,5,non-rumour
553141087725170688,45,6,5,unverified
552808487924011008,44,7,7,non-rumour
553117423906590720,44,7,7,non-rumour
553196035133440000,44,10,10,non-rumour
553479401296625664,44,11,11,non-rumour
553586305272389632,44,6,5,non-rumour
553588494661337089,44,15,15,true-rumour
552812811651272705,43,11,11,non-rumour
552841562963464195,43,7,7,non-rumour
552842814061424640,43,18,17,non-rumour
553165538499641344,43,10,10,non-rumour
552814770542628865,42,10,9,non-rumour
552829396265230336,42,13,13,non-rumour
552830781656428544,42,13,12,non-rumour
552837499937378305,42,9,9,non-rumour
552849797892542464,42,10,9,non-rumour
552850925510225920,42,13,13,non-rumour
553164185006534656,42,7,7,non-rumour
553205261847236608,42,6,5,non-rumour
553586275438301184,42,6,5,non-rumour
552806077755326464,41,12,12,non-rumour
552821030117711872,41,10,10,non-rumour
552828811344359425,41,10,9,non-rumour
553181386069143552,41,13,13,non-rumour
553226624976420864,41,12,12,non-rumour
552784600502915072,40,8,8,non-rumour
552834640692912128,40,5,4,non-rumour
552842642216988672,40,5,5,non-rumour
552848653980033025,40,14,14,non-rumour
552806309540528128,40,13,13,false-rumour
553199664720543744,39,12,12,non-rumour
553492305521672192,39,12,12,non-rumour
553534934447824896,39,13,12,non-rumour
553543319423553537,39,15,15,non-rumour
553562446456422402,39,9,9,non-rumour
553590961486696448,39,17,17,non-rumour
552813461953323008,39,10,10,true-rumour
552821287933202435,39,10,10,true-rumour
553474514496278528,39,6,6,true-rumour
552801028262096896,38,9,9,non-rumour
552981889619722241,38,7,7,non-rumour
553166766977740801,38,9,9,non-rumour
553491517462315008,38,4,4,non-rumour
553538559609942017,38,8,8,non-rumour
553554032745525249,38,11,11,non-rumour
552991544731774976,38,14,14,false-rumour
552805450350362625,37,16,16,non-rumour
552829176018112513,37,16,16,non-rumour
552836695754678273,37,11,11,non-rumour
552841185199263745,37,8,8,non-rumour
553125301090525185,37,9,9,non-rumour
553148900811759617,37,17,17,non-rumour
553153190859141120,37,8,8,non-rumour
553470907629707266,37,8,8,non-rumour
553567076728963073,37,17,17,non-rumour
553136845589319680,37,11,11,unverified
552807874192482305,36,5,5,non-rumour
552822887988883457,36,11,11,non-rumour
553113509152952321,36,8,8,non-rumour
553209917944131585,36,5,4,non-rumour
553213740137467907,36,11,11,non-rumour
553219651594125312,36,12,12,non-rumour
553229177055219713,36,10,10,non-rumour
553478014785187840,36,15,15,non-rumour
553532507623546881,36,17,17,non-rumour
553586421626568704,36,15,15,non-rumour
552982443511144448,36,12,12,false-rumour
553493707472011264,36,19,19,false-rumour
553501773517033472,36,13,13,true-rumour
552796522904297472,35,15,15,non-rumour
552817711617552385,35,10,10,non-rumour
552825459546030080,35,5,5,non-rumour
553162459885096962,35,12,12,non-rumour
553221281181859841,35,12,12,non-rumour
553570681619640320,35,15,15,non-rumour
553586510260629505,35,12,12,non-rumour
553587013409325058,35,19,19,true-rumour
552801724898226176,34,10,9,non-rumour
552818685526933505,34,6,5,non-rumour
552825083941879808,34,12,12,non-rumour
552851629624803328,34,12,12,non-rumour
552985389523148802,34,6,6,non-rumour
553160244847984640,34,9,8,non-rumour
553227288859664384,34,16,16,non-rumour
552804810463117312,33,5,5,non-rumour
552815293349650433,33,14,14,non-rumour
552838479844216833,33,12,12,non-rumour
553153731471364096,33,9,9,non-rumour
553193480319942656,33,9,9,non-rumour
553463773844238337,33,17,17,non-rumour
553469263650906112,33,14,14,non-rumour
553539373707186176,33,6,6,non-rumour
552789521646247936,33,11,11,true-rumour
552801829290270720,33,5,4,unverified
553557308937363458,33,18,18,false-rumour
552807598966059008,32,16,16,non-rumour
552812020295532544,32,8,8,non-rumour
552818334643658752,32,9,9,non-rumour
552823014866563072,32,18,18,non-rumour
552824742097719296,32,16,15,non-rumour
552829637215408128,32,15,15,non-rumour
552836586191474689,32,14,14,non-rumour
552838324977545216,32,12,12,non-rumour
553153073481535489,32,9,9,non-rumour
553181997041217537,32,5,5,non-rumour
553201549997277185,32,5,5,non-rumour
553223681409703937,32,8,8,non-rumour
552837132491186179,32,20,19,false-rumour
553561170637238272,32,17,17,unverified
552785391653494784,31,7,6,non-rumour
552811735183552512,31,5,5,non-rumour
552821730100924417,31,12,12,non-rumour
552847218403581953,31,13,13,non-rumour
552847230693310466,31,10,10,non-rumour
552847548776742914,31,17,17,non-rumour
553148970651107329,31,12,12,non-rumour
553166152344829952,31,16,16,non-rumour
553212333867012096,31,15,15,non-rumour
553532452472238080,31,14,14,non-rumour
553547637832843264,31,16,16,non-rumour
553591049541914624,31,14,14,non-rumour
553540617540624385,31,7,7,unverified
552791332935434242,30,13,13,non-rumour
552802011733716992,30,9,9,non-rumour
552816062593761280,30,17,16,non-rumour
552817205982019584,30,8,7,non-rumour
552825303341740032,30,10,10,non-rumour
552828573896413185,30,14,14,non-rumour
552831842232324097,30,5,5,non-rumour
552837644959621120,30,7,7,non-rumour
553132714446950400,30,15,15,non-rumour
553180005514366976,30,8,8,non-rumour
553186026811039745,30,13,12,non-rumour
553468593141469184,30,13,13,non-rumour
553489837542899712,30,8,8,non-rumour
553496697918468096,30,14,13,non-rumour
553527807771308034,30,14,14,non-rumour
553558824720666628,30,16,16,non-rumour
552820736490889216,30,12,12,unverified
553469523945590784,30,8,8,unverified
552797729504886784,29,10,10,non-rumour
552798640679702528,29,6,5,non-rumour
552800070199148544,29,6,6,non-rumour
552818922798727168,29,12,12,non-rumour
552834559297867778,29,15,15,non-rumour
552841477819473920,29,13,12,non-rumour
552847905498103808,29,18,18,non-rumour
552979420227842048,29,9,9,non-rumour
553145759961714688,29,10,10,non-rumour
553173501369389056,29,17,17,non-rumour
553188974811185152,29,10,10,non-rumour
553194632520421376,29,18,18,non-rumour
553563780928770048,29,5,5,non-rumour
553587542067773440,29,13,13,non-rumour
553591518619893760,29,8,8,non-rumour
552802606696136705,29,14,14,true-rumour
553017543330648064,29,12,12,false-rumour
553184482241814530,29,19,19,unverified
553559793940447234,29,6,6,true-rumour
552796619104866304,28,12,12,non-rumour
552803792618799106,28,17,17,non-rumour
552805175874686977,28,4,4,non-rumour
552825664307744769,28,11,11,non-rumour
552828872379875328,28,4,4,non-rumour
552831460236099586,28,6,6,non-rumour
552840805678084096,28,17,17,non-rumour
552844436460560384,28,14,14,non-rumour
552846337746952194,28,8,8,non-rumour
553204399439642624,28,15,15,non-rumour
553537648938086403,28,3,3,non-rumour
553563356339384322,28,17,17,non-rumour
553582812964876288,28,18,18,non-rumour
552788945017516032,28,9,9,true-rumour
553484365012148225,28,15,15,true-rumour
553587672137334785,28,18,18,true-rumour
552800290861510656,27,16,16,non-rumour
552810477940932609,27,11,11,non-rumour
552814280471367680,27,15,15,non-rumour
552815682241691648,27,17,17,non-rumour
552819316702199811,27,12,12,non-rumour
552825844755083265,27,18,17,non-rumour
552844023996907520,27,5,5,non-rumour
552851189675470849,27,11,11,non-rumour
553105208008773632,27,12,12,non-rumour
553119235904643072,27,10,10,non-rumour
553133048611753984,27,18,18,non-rumour
553192373728342016,27,10,10,non-rumour
553218599390040065,27,14,14,non-rumour
553484619426062336,27,10,10,non-rumour
553487625815064576,27,11,11,non-rumour
553556728651210753,27,16,16,non-rumour
553566200098488320,27,6,5,non-rumour
552793551231541249,27,16,16,unverified
553589121776898048,27,19,19,unverified
552791719272775680,26,16,16,non-rumour
552804454773567488,26,5,5,non-rumour
552805830677258240,26,14,14,non-rumour
552817675408523264,26,13,13,non-rumour
552822604206460928,26,17,17,non-rumour
552832177138696192,26,16,16,non-rumour
552838171323817984,26,16,16,non-rumour
552839518974660608,26,11,11,non-rumour
552982124274647042,26,14,14,non-rumour
552985297307598848,26,4,3,non-rumour
553106334607228928,26,13,13,non-rumour
553117623568068608,26,10,9,non-rumour
553128325217275905,26,7,7,non-rumour
553145755079569408,26,13,13,non-rumour
553161912968417280,26,12,12,non-rumour
553163210715844608,26,15,15,non-rumour
553465105028222976,26,14,14,non-rumour
553555848794877952,26,6,6,non-rumour
553560488056225792,26,4,3,non-rumour
553567716414484481,26,15,15,non-rumour
553575302392455169,26,13,13,non-rumour
553591736598269952,26,12,12,non-rumour
552809418417790976,26,16,16,true-rumour
553184643055644674,26,12,12,false-rumour
553513403512532992,26,18,18,true-rumour
553579224402235393,26,11,11,unverified
552805169206157312,25,6,6,non-rumour
552810124776308736,25,6,6,non-rumour
552811254667288576,25,8,8,non-rumour
552816689386373121,25,8,8,non-rumour
552819064301961216,25,12,12,non-rumour
552819350504493057,25,12,12,non-rumour
552821810572439553,25,19,19,non-rumour
552822783311630336,25,16,16,non-rumour
552832169496694786,25,12,12,non-rumour
552833148128862208,25,17,17,non-rumour
552837027616804864,25,17,17,non-rumour
552842236883652609,25,17,17,non-rumour
552845191003250688,25,14,14,non-rumour
552847488571678720,25,15,15,non-rumour
553144964168036352,25,16,16,non-rumour
553145422097969152,25,13,12,non-rumour
553148844574511104,25,17,17,non-rumour
553157600704204800,25,18,18,non-rumour
553157744061325312,25,7,7,non-rumour
553159810179661826,25,15,15,non-rumour
553170912129056770,25,16,16,non-rumour
553190655011205120,25,7,7,non-rumour
553190729447919616,25,16,16,non-rumour
553213361350262784,25,14,14,non-rumour
553222727700865025,25,16,16,non-rumour
553480257747963905,25,16,16,non-rumour
553514505633017856,25,4,4,non-rumour
553526283033133056,25,3,2,non-rumour
553538304332017665,25,18,18,non-rumour
553566870750908418,25,14,14,non-rumour
553573166116012032,25,10,10,non-rumour
552790824971677696,25,14,14,true-rumour
552794157484634112,25,4,4,unverified
552798654495354880,25,14,14,true-rumour
553186555150749696,25,12,12,false-rumour
553487971497041920,25,16,16,true-rumour
553493785523400704,25,18,18,true-rumour
553535467065712640,25,17,17,unverified
552787321561812992,24,17,17,non-rumour
552791831390732289,24,19,19,non-rumour
552795778922864640,24,7,7,non-rumour
552802098602319873,24,19,19,non-rumour
552812775907422209,24,7,7,non-rumour
552813590919778304,24,17,17,non-rumour
552815443959091200,24,7,7,non-rumour
552816561514635264,24,11,11,non-rumour
552818870281850881,24,14,14,non-rumour
552829217134505985,24,5,5,non-rumour
552829971631472640,24,15,15,non-rumour
552835221859483649,24,12,12,non-rumour
552837012689264640,24,17,17,non-rumour
552845393541988352,24,16,16,non-rumour
552845671477153793,24,15,15,non-rumour
552982908865368064,24,7,7,non-rumour
553100996855885824,24,10,10,non-rumour
553109813807575040,24,17,17,non-rumour
553131554743287808,24,15,15,non-rumour
553141935482093568,24,15,15,non-rumour
553142344166301696,24,9,9,non-rumour
553168698677030913,24,19,19,non-rumour
553196930768330753,24,15,15,non-rumour
553215634864345088,24,15,15,non-rumour
553215929107382275,24,7,7,non-rumour
553229808260632578,24,17,17,non-rumour
553231667523883009,24,11,11,non-rumour
553506946054369280,24,17,17,non-rumour
553530513580118016,24,10,10,non-rumour
553531802347122689,24,15,15,non-rumour
553545000110538753,24,6,6,non-rumour
553553331671408641,24,8,8,non-rumour
553573875528007680,24,16,16,non-rumour
553582039106990080,24,19,19,non-rumour
553582301003931648,24,17,17,non-rumour
553583108105441281,24,12,12,non-rumour
553590427216248832,24,17,17,non-rumour
552983615747796994,24,18,18,false-rumour
553185370108878849,24,9,9,unverified
553197863971610624,24,15,15,false-rumour
553503184174710784,24,18,18,unverified
553531343834202112,24,18,18,unverified
553546063752478722,24,18,18,unverified
553549686129561600,24,9,9,unverified
553576849943826432,24,19,19,unverified
553587167394791424,24,16,16,true-rumour
553587225901154304,24,14,14,true-rumour
553590721207615488,24,18,18,true-rumour
552797148975464448,23,17,17,non-rumour
552804962158514176,23,12,12,non-rumour
552805069956329472,23,10,10,non-rumour
552806932176977920,23,5,5,non-rumour
552811408094945280,23,18,18,non-rumour
552820930419109888,23,15,15,non-rumour
552824320389435392,23,19,19,non-rumour
552826270866616320,23,13,13,non-rumour
552826443965927425,23,15,15,non-rumour
552829571750715392,23,17,17,non-rumour
552833268362772481,23,11,11,non-rumour
552838134627860480,23,9,9,non-rumour
552841043423805440,23,17,17,non-rumour
552841460681572352,23,9,9,non-rumour
552842342143905794,23,11,11,non-rumour
552844643097120768,23,5,5,non-rumour
552845840247971842,23,17,17,non-rumour
553098799380717568,23,7,7,non-rumour
553107939926736896,23,18,18,non-rumour
553111820786204672,23,16,16,non-rumour
553120849231089664,23,17,17,non-rumour
553135802495270913,23,19,19,non-rumour
553147368913506304,23,14,14,non-rumour
553148926459920386,23,9,9,non-rumour
553159773555023872,23,19,19,non-rumour
553170984824733698,23,16,16,non-rumour
553178273895956480,23,12,12,non-rumour
553188214522249217,23,19,19,non-rumour
553191800408911872,23,19,19,non-rumour
553196453938855937,23,17,17,non-rumour
553206096131670016,23,10,10,non-rumour
553209983845023745,23,18,18,non-rumour
553220369721483266,23,19,19,non-rumour
553227220765130752,23,17,17,non-rumour
553228535511650305,23,13,13,non-rumour
553228537084116993,23,14,14,non-rumour
553480900869361664,23,16,16,non-rumour
553508524320653312,23,12,12,non-rumour
553516364879904768,23,17,17,non-rumour
553522808417157120,23,9,9,non-rumour
553528740618436610,23,19,19,non-rumour
553539504146231298,23,17,17,non-rumour
553547659404148736,23,14,14,non-rumour
553550888770740224,23,18,18,non-rumour
553566829273423872,23,10,10,non-rumour
553589610014867456,23,14,14,non-rumour
553590072373968897,23,19,19,non-rumour
553590881371320323,23,16,16,non-rumour
552784882687299584,23,16,16,true-rumour
552791196247269378,23,17,17,true-rumour
552816302780579840,23,14,14,false-rumour
552817965813739520,23,18,18,unverified
553473416905629696,23,7,6,false-rumour
553495137314435072,23,15,15,unverified
553506608203169792,23,18,18,true-rumour
553543369604210689,23,7,7,true-rumour
553548567420628992,23,9,9,unverified
553558385048944640,23,16,16,unverified
552794286849536001,22,18,18,non-rumour
552804491821854720,22,10,10,non-rumour
552805799106732032,22,15,15,non-rumour
552815332931665921,22,14,14,non-rumour
552817785949396992,22,13,13,non-rumour
552822566726164481,22,6,6,non-rumour
552824163841638400,22,10,10,non-rumour
552827117663436801,22,16,16,non-rumour
552827133500719104,22,19,19,non-rumour
552829129356496896,22,15,15,non-rumour
552829395690201088,22,17,17,non-rumour
552834501383290880,22,19,19,non-rumour
552834732325879809,22,10,10,non-rumour
552837268160135169,22,18,17,non-rumour
552839869387399168,22,10,10,non-rumour
552845542536261634,22,18,18,non-rumour
552847370489430017,22,7,7,non-rumour
552849662991151104,22,15,15,non-rumour
552851421155299328,22,6,6,non-rumour
552978435090681856,22,12,12,non-rumour
552981531023921153,22,17,17,non-rumour
552984231748829184,22,15,15,non-rumour
553106200242700289,22,16,16,non-rumour
553127546129117184,22,10,10,non-rumour
553129811850559488,22,15,15,non-rumour
553131763468603392,22,17,17,non-rumour
553149880693456896,22,18,18,non-rumour
553152515701612544,22,16,16,non-rumour
553157114156560385,22,17,17,non-rumour
553171841913602048,22,13,13,non-rumour
553172148085620738,22,15,15,non-rumour
553187959835725824,22,4,4,non-rumour
553192641328734208,22,13,13,non-rumour
553193210269298688,22,17,17,non-rumour
553198107278987264,22,13,13,non-rumour
553200726403710976,22,17,17,non-rumour
553205427253829632,22,17,17,non-rumour
553214726629781505,22,16,16,non-rumour
553214783647145984,22,19,19,non-rumour
553215879979085829,22,8,8,non-rumour
553219195056693249,22,6,6,non-rumour
553227238829981698,22,17,17,non-rumour
553476288103477249,22,15,15,non-rumour
553509146730176513,22,16,16,non-rumour
553535468290453504,22,12,12,non-rumour
553537551114706945,22,17,17,non-rumour
553545384069328896,22,7,7,non-rumour
553551279620755458,22,5,5,non-rumour
553551435762503681,22,14,14,non-rumour
553555207410700289,22,16,16,non-rumour
553573432554979328,22,10,10,non-rumour
553578243173781505,22,14,14,non-rumour
553585840270876672,22,19,19,non-rumour
553589970775343104,22,18,18,non-rumour
553590880352088064,22,16,16,non-rumour
553591093498224640,22,17,17,non-rumour
553592040374947840,22,9,9,non-rumour
552799062421164032,22,9,9,unverified
552821069036670976,22,15,15,unverified
552834461478715392,22,16,16,false-rumour
553139203320860672,22,11,11,unverified
553152395371630592,22,18,18,false-rumour
553478677359775744,22,16,16,true-rumour
553503546382249984,22,19,19,false-rumour
553503909692841984,22,9,9,true-rumour
553553288625672192,22,7,7,true-rumour
553587303172833280,22,17,17,true-rumour
553588374280601600,22,19,19,true-rumour
552791203432103937,21,7,7,non-rumour
552793409438904321,21,13,13,non-rumour
552794995942772736,21,7,7,non-rumour
552796506642591744,21,6,5,non-rumour
552801894092275712,21,11,11,non-rumour
552804328319504384,21,18,18,non-rumour
552806056154644480,21,10,10,non-rumour
552810625873633280,21,14,14,non-rumour
552811354323963904,21,13,13,non-rumour
552818799095730176,21,19,19,non-rumour
552821573946982401,21,13,13,non-rumour
552827164677373952,21,16,16,non-rumour
552829011983089664,21,17,17,non-rumour
552833527444566016,21,16,16,non-rumour
552837599304622080,21,15,15,non-rumour
552838559393013760,21,15,15,non-rumour
552839843999645697,21,17,17,non-rumour
552840964025626624,21,18,18,non-rumour
552842983247466497,21,18,18,non-rumour
552845654637436928,21,15,15,non-rumour
552850533523136513,21,16,16,non-rumour
552980632432050177,21,18,18,non-rumour
552982635178635265,21,13,13,non-rumour
553096978788515840,21,13,13,non-rumour
553108170726719488,21,6,6,non-rumour
553109319764291584,21,17,17,non-rumour
553114307383541761,21,17,17,non-rumour
553115396006764544,21,16,16,non-rumour
553116149333114880,21,18,18,non-rumour
553122359398260736,21,17,17,non-rumour
553127086706397185,21,12,12,non-rumour
553135106609922049,21,19,19,non-rumour
553137557601812480,21,10,10,non-rumour
553143179038715904,21,8,8,non-rumour
553151700950065152,21,10,10,non-rumour
553156573607251968,21,9,9,non-rumour
553157384714342400,21,14,14,non-rumour
553169622762262529,21,14,14,non-rumour
553175451506855936,21,15,15,non-rumour
553187282295877632,21,8,8,non-rumour
553193866057506817,21,18,18,non-rumour
553197197618339841,21,9,9,non-rumour
553209843939831809,21,10,10,non-rumour
553213326277500929,21,19,19,non-rumour
553216874130206721,21,19,19,non-rumour
553220054184382465,21,14,14,non-rumour
553224082213601280,21,17,17,non-rumour
553229592480481281,21,17,17,non-rumour
553229956830875650,21,15,15,non-rumour
553230256992423936,21,8,8,non-rumour
553481963864993792,21,14,14,non-rumour
553497730476015617,21,19,19,non-rumour
553517380995792896,21,7,6,non-rumour
553533193899368448,21,18,18,non-rumour
553539631149756416,21,18,18,non-rumour
553540719714271233,21,14,14,non-rumour
553541838494515200,21,12,12,non-rumour
553543144172969984,21,10,10,non-rumour
553545386082979841,21,16,16,non-rumour
553546551709409280,21,14,14,non-rumour
553550030553243650,21,11,11,non-rumour
553555389611274240,21,9,9,non-rumour
553561169923829760,21,14,14,non-rumour
553579715014172673,21,12,12,non-rumour
553584292090359808,21,15,15,non-rumour
553588889084891136,21,18,18,non-rumour
553591411602640896,21,10,10,non-rumour
553591494255210497,21,15,15,non-rumour
553591980748734464,21,13,13,non-rumour
552786099899494400,21,17,17,unverified
552791578893619200,21,17,17,true-rumour
552810804186460161,21,17,17,false-rumour
552817345887207425,21,15,15,unverified
552838551071911936,21,15,15,false-rumour
552979279039197186,21,14,14,false-rumour
553102901619748864,21,6,6,false-rumour
553110339236409346,21,11,11,false-rumour
553198972287082497,21,18,18,unverified
553469733656203264,21,19,19,false-rumour
553475824369012736,21,4,4,false-rumour
553501357156876290,21,14,14,unverified
553518472798683136,21,19,19,unverified
553528788383191040,21,18,18,unverified
553529796601585664,21,12,12,unverified
553535441828605953,21,19,19,true-rumour
553555979238129664,21,12,12,false-rumour
553557753558757376,21,15,15,true-rumour
553580959661309952,21,15,15,unverified
553588993993232384,21,19,19,true-rumour
553590835850514433,21,16,16,true-rumour
553591259672379392,21,19,19,true-rumour
552789443644751872,20,15,15,non-rumour
552796625467621376,20,15,15,non-rumour
552799100715167744,20,8,8,non-rumour
552805638024077312,20,18,18,non-rumour
552807101442322432,20,16,16,non-rumour
552807328287064065,20,15,15,non-rumour
552808658510561280,20,7,7,non-rumour
552810855503757313,20,18,18,non-rumour
552810884029222912,20,15,15,non-rumour
552811533303296001,20,18,18,non-rumour
552812572731527168,20,12,12,non-rumour
552812951208722432,20,11,11,non-rumour
552815387759616000,20,14,14,non-rumour
552816497740251136,20,11,11,non-rumour
552816686752358401,20,18,18,non-rumour
552817367995002880,20,19,19,non-rumour
552821862850637825,20,19,19,non-rumour
552822043490938881,20,19,19,non-rumour
552822544341139458,20,10,10,non-rumour
552822873773993984,20,10,10,non-rumour
552822944603582464,20,19,19,non-rumour
552824462958395392,20,19,19,non-rumour
552825512708808704,20,19,19,non-rumour
552826580741795840,20,12,12,non-rumour
552827349667176448,20,14,14,non-rumour
552829046485434368,20,17,17,non-rumour
552829481962835969,20,17,17,non-rumour
552830151650967552,20,16,16,non-rumour
552832584045330432,20,14,14,non-rumour
552833197084778496,20,12,12,non-rumour
552833662593400833,20,18,18,non-rumour
552834182905221121,20,19,19,non-rumour
552834481183539201,20,7,6,non-rumour
552834558706847745,20,8,8,non-rumour
552835209285337089,20,19,19,non-rumour
552835854750605313,20,18,18,non-rumour
552835988540895232,20,10,10,non-rumour
552836100814032896,20,15,15,non-rumour
552836829234614272,20,11,11,non-rumour
552836854085459968,20,12,12,non-rumour
552837035732381696,20,17,17,non-rumour
552837310707171328,20,17,17,non-rumour
552837775498964992,20,14,14,non-rumour
552838341843226624,20,16,16,non-rumour
552839800433410049,20,12,12,non-rumour
552840155728736256,20,16,16,non-rumour
552840606074953728,20,17,17,non-rumour
552841049467400192,20,16,16,non-rumour
552842761565904896,20,15,15,non-rumour
552844100224172034,20,11,11,non-rumour
552844311096983552,20,18,18,non-rumour
552844593046097920,20,15,15,non-rumour
552845028130037760,20,17,17,non-rumour
552846544320618496,20,14,14,non-rumour
552846874432909312,20,17,17,non-rumour
552846886626164736,20,19,19,non-rumour
552849248182865920,20,16,16,non-rumour
552850282410176512,20,5,4,non-rumour
552851305023414272,20,16,16,non-rumour
552851546384646145,20,14,14,non-rumour
552851710880653312,20,16,16,non-rumour
552851772658561028,20,18,18,non-rumour
552978225094078464,20,18,18,non-rumour
552979571021447168,20,19,19,non-rumour
552981008518500353,20,19,19,non-rumour
552981296839131136,20,9,9,non-rumour
553099800951136256,20,12,12,non-rumour
553105121526427649,20,15,15,non-rumour
553115341338198016,20,14,14,non-rumour
553121581187485696,20,19,19,non-rumour
553124985137815552,20,19,19,non-rumour
553126044375732224,20,16,16,non-rumour
553126517187047424,20,17,17,non-rumour
553127508150071297,20,17,17,non-rumour
553131791553667072,20,17,17,non-rumour
553133340795363328,20,4,4,non-rumour
553137476135432194,20,15,15,non-rumour
553144428584398850,20,12,12,non-rumour
553146248652681217,20,14,14,non-rumour
553147034707165185,20,16,16,non-rumour
553151980928262144,20,11,11,non-rumour
553152400832606208,20,14,14,non-rumour
553152675014246400,20,14,14,non-rumour
553157857215262721,20,19,19,non-rumour
553162589744926720,20,17,17,non-rumour
553164303650799616,20,18,18,non-rumour
553173654121742336,20,13,13,non-rumour
553174789561389056,20,19,19,non-rumour
553181902543126529,20,6,6,non-rumour
553183067670843392,20,19,19,non-rumour
553185716218650624,20,16,16,non-rumour
553185825065009153,20,14,14,non-rumour
553189165509394432,20,14,14,non-rumour
553195806899970048,20,17,17,non-rumour
553197212726218752,20,19,19,non-rumour
553198268436344832,20,16,16,non-rumour
553200573387124736,20,17,17,non-rumour
553205115830951936,20,18,18,non-rumour
553205372719472640,20,16,16,non-rumour
553210869010935808,20,11,11,non-rumour
553215305917665280,20,19,19,non-rumour
553215658784456705,20,18,18,non-rumour
553220172925132800,20,16,16,non-rumour
553221293298819074,20,18,18,non-rumour
553226143307161600,20,6,5,non-rumour
553229948153262081,20,16,16,non-rumour
553232704708546561,20,18,18,non-rumour
553462249562832897,20,19,19,non-rumour
553480333954678784,20,9,9,non-rumour
553490241445965824,20,19,19,non-rumour
553491604917334016,20,18,18,non-rumour
553493300242432000,20,15,15,non-rumour
553498106588049408,20,15,15,non-rumour
553500932521336832,20,14,14,non-rumour
553503846258196480,20,15,15,non-rumour
553511279235964928,20,15,15,non-rumour
553515827073261568,20,17,17,non-rumour
553526776878469121,20,12,12,non-rumour
553535765997969408,20,18,18,non-rumour
553537280343031808,20,19,19,non-rumour
553537460920389633,20,11,11,non-rumour
553538939076624384,20,18,18,non-rumour
553540934118694912,20,17,17,non-rumour
553542516772175873,20,17,17,non-rumour
553543939517874176,20,15,15,non-rumour
553546292748898304,20,19,19,non-rumour
553548440563908611,20,17,17,non-rumour
553548487225532416,20,15,15,non-rumour
553553966970044416,20,19,19,non-rumour
553555293645590528,20,19,19,non-rumour
553555705945288704,20,14,14,non-rumour
553562348376850433,20,19,19,non-rumour
553562832001048576,20,18,18,non-rumour
553563750230683650,20,15,15,non-rumour
553566644006817792,20,13,13,non-rumour
553570370192949248,20,15,15,non-rumour
553570916907511809,20,16,16,non-rumour
553572111441465344,20,15,15,non-rumour
553574522972958721,20,8,8,non-rumour
553574650450825216,20,18,18,non-rumour
553581897792913408,20,17,17,non-rumour
553584173420920833,20,19,19,non-rumour
553584366803488770,20,18,18,non-rumour
553587546614427649,20,16,16,non-rumour
553590273952215040,20,9,9,non-rumour
553591315515310081,20,12,12,non-rumour
553591526937600001,20,18,18,non-rumour
553591758899412993,20,16,16,non-rumour
553592108699758592,20,18,18,non-rumour
552790742700417024,20,14,14,true-rumour
552790838015979520,20,18,18,true-rumour
552797406094716929,20,15,15,true-rumour
552806937470201856,20,14,14,unverified
552807027781947393,20,15,15,false-rumour
552807834434699264,20,14,14,true-rumour
552985611070881792,20,18,18,false-rumour
553099685888790528,20,6,6,false-rumour
553115168084074497,20,13,13,false-rumour
553136565296582657,20,11,11,unverified
553137849663361024,20,17,17,false-rumour
553233728030650368,20,15,15,false-rumour
553461741917863936,20,17,17,unverified
553491540535156736,20,17,17,false-rumour
553495922639122432,20,16,16,false-rumour
553502446769942528,20,19,19,unverified
553508098825261056,20,10,10,true-rumour
553536236493615104,20,11,11,true-rumour
553536603998945280,20,17,17,true-rumour
553536887349325825,20,17,17,true-rumour
553538058440941568,20,17,17,unverified
553544419602104320,20,17,17,unverified
553547270264979456,20,18,18,true-rumour
553550301886955520,20,18,18,unverified
553551225560764416,20,16,16,unverified
553554835203956736,20,16,16,false-rumour
553555600911925249,20,11,11,false-rumour
553556643456507904,20,12,12,false-rumour
553556844665659392,20,18,18,true-rumour
553563668169125889,20,13,13,unverified
553573365798416385,20,18,18,unverified
553574501964079104,20,18,18,unverified
553578029751226369,20,16,16,unverified
553585504093224962,20,14,14,true-rumour
553586860334010368,20,19,19,true-rumour
553589606307090432,20,19,19,true-rumour
553590459688570880,20,19,19,true-rumour
553590653784195072,20,14,14,true-rumour
552798310889566209,19,4,3,non-rumour
552822314157768704,19,15,15,non-rumour
552828504060874752,19,17,17,non-rumour
552829031075553281,19,15,15,non-rumour
552832142397296641,19,10,10,non-rumour
552832738542514176,19,16,16,non-rumour
552833236389199874,19,10,10,non-rumour
552833393734721537,19,8,8,non-rumour
552836392678465537,19,16,16,non-rumour
552836775191019520,19,13,13,non-rumour
552836898562265088,19,18,18,non-rumour
552837078854410241,19,18,18,non-rumour
552843285468020736,19,13,13,non-rumour
552980557836337152,19,6,6,non-rumour
552981694979248128,19,15,15,non-rumour
553136237083889664,19,13,13,non-rumour
553140461540343808,19,9,9,non-rumour
553148984509100032,19,11,11,non-rumour
553162815402672128,19,14,14,non-rumour
553171741804359680,19,18,18,non-rumour
553174353735872512,19,17,17,non-rumour
553175336926449664,19,18,18,non-rumour
553177082566836225,19,10,10,non-rumour
553182889379397632,19,14,14,non-rumour
553184082277187585,19,16,16,non-rumour
553195808930410496,19,6,6,non-rumour
553196263064498176,19,13,13,non-rumour
553211397782654976,19,7,6,non-rumour
553219047048105985,19,9,9,non-rumour
553227906449960961,19,18,18,non-rumour
553233414145310720,19,10,10,non-rumour
553487579077550082,19,15,15,non-rumour
553532736187924480,19,18,18,non-rumour
553537322218553344,19,11,11,non-rumour
553542337553764352,19,13,13,non-rumour
553542628097019904,19,7,7,non-rumour
553555593034596352,19,16,16,non-rumour
553559095798931456,19,15,15,non-rumour
553560769246539776,19,17,17,non-rumour
553578250186665984,19,16,16,non-rumour
553583670343524352,19,18,18,non-rumour
553586940856242178,19,15,15,non-rumour
553587352086384640,19,15,15,non-rumour
553590751888961536,19,15,15,non-rumour
552810448324943872,19,17,17,unverified
552811386259386370,19,18,18,true-rumour
552831881847533568,19,16,16,false-rumour
552833028201144320,19,17,17,false-rumour
553176929411825664,19,15,15,unverified
553500238246608896,19,17,17,true-rumour
553505371290357761,19,12,12,unverified
553529101659566080,19,18,18,unverified
553531695480463360,19,17,17,unverified
553535430788780032,19,14,14,unverified
553541676229472256,19,18,18,unverified
552786340958715904,18,12,12,non-rumour
552789252690706432,18,13,13,non-rumour
552793759210307584,18,3,2,non-rumour
552802117908697088,18,9,9,non-rumour
552808242276229120,18,17,17,non-rumour
552816933851394048,18,8,8,non-rumour
552820331204055041,18,13,13,non-rumour
552821050145513472,18,14,14,non-rumour
552821659103940608,18,13,13,non-rumour
552823301899575296,18,16,16,non-rumour
552823427862908928,18,11,11,non-rumour
552824456557887488,18,11,11,non-rumour
552833795142209536,18,10,10,non-rumour
552836844560609281,18,16,16,non-rumour
552837147305455616,18,14,14,non-rumour
552838203078873089,18,17,17,non-rumour
552847627319259137,18,13,13,non-rumour
552850379453366272,18,17,17,non-rumour
552850514132873217,18,15,15,non-rumour
552978642968780800,18,15,15,non-rumour
552982813671043072,18,15,15,non-rumour
553099479381848064,18,15,15,non-rumour
553149347777753088,18,16,16,non-rumour
553151201253294080,18,17,17,non-rumour
553163190138580992,18,15,15,non-rumour
553163722378977282,18,16,16,non-rumour
553175714128990208,18,16,16,non-rumour
553186457121472512,18,16,16,non-rumour
553194417239363584,18,15,15,non-rumour
553209341520535552,18,16,16,non-rumour
553215362058440704,18,10,10,non-rumour
553488850363101184,18,17,17,non-rumour
553490160344502273,18,13,13,non-rumour
553535642848989184,18,14,14,non-rumour
553539778088816641,18,17,17,non-rumour
553540580912156672,18,14,14,non-rumour
553540872986705920,18,17,17,non-rumour
553544039241224194,18,17,17,non-rumour
553569333150896129,18,11,11,non-rumour
553580499395174400,18,16,16,non-rumour
553582251616010240,18,10,10,non-rumour
553588326578417664,18,12,12,non-rumour
553591055833382913,18,15,15,non-rumour
552792544132997121,18,5,4,true-rumour
552800045096259584,18,12,12,unverified
552805267990413312,18,17,17,false-rumour
552807528070131712,18,13,13,unverified
552808282398924800,18,8,8,true-rumour
552834961762709505,18,12,12,true-rumour
553541776854634496,18,14,14,true-rumour
553554585634496512,18,6,6,false-rumour
553588946039746560,18,11,11,true-rumour
552807054268956673,17,14,14,non-rumour
552814213081866240,17,14,14,non-rumour
552814460193476609,17,10,10,non-rumour
552816010752167936,17,11,11,non-rumour
552816590463315968,17,15,15,non-rumour
552820575752974336,17,15,15,non-rumour
552821570423771136,17,15,15,non-rumour
552822718115373057,17,16,16,non-rumour
552827553493565441,17,14,14,non-rumour
552827819521085441,17,12,12,non-rumour
552833483325059072,17,13,13,non-rumour
552835339325558785,17,10,10,non-rumour
552836985493409792,17,15,15,non-rumour
552842614555545600,17,14,14,non-rumour
552982560146726912,17,15,15,non-rumour
552985339011153920,17,15,15,non-rumour
553098796108750848,17,16,16,non-rumour
553101858013581313,17,11,11,non-rumour
553106714682462209,17,13,13,non-rumour
553118212813246464,17,15,15,non-rumour
553127632947396609,17,11,11,non-rumour
553171056589279233,17,16,16,non-rumour
553178341596233728,17,8,8,non-rumour
553186670871597056,17,16,16,non-rumour
553196571194851328,17,14,14,non-rumour
553196953480495105,17,11,11,non-rumour
553206989925658624,17,8,8,non-rumour
553227389061582848,17,14,14,non-rumour
553234456522522624,17,7,7,non-rumour
552784526955806720,17,10,10,true-rumour
552978476605923328,17,12,12,false-rumour
553470382129565696,17,15,15,false-rumour
553476471470432256,17,15,15,false-rumour
553485452943302656,17,16,16,false-rumour
553540739058376704,17,12,12,unverified
553545906155712512,17,14,14,true-rumour
553547836517007360,17,15,15,true-rumour
553576010898497536,17,12,12,unverified
552791678881660928,16,14,14,non-rumour
552794514424102913,16,12,12,non-rumour
552797828977029120,16,13,13,non-rumour
552805956619628544,16,14,14,non-rumour
552805970536333314,16,15,15,non-rumour
552813155572006912,16,12,12,non-rumour
552817783910961152,16,12,12,non-rumour
552824383816073216,16,15,15,non-rumour
552830862585503746,16,10,10,non-rumour
552839190921351168,16,13,13,non-rumour
552845267289247744,16,10,10,non-rumour
552847427410341890,16,14,14,non-rumour
552848653132767232,16,13,13,non-rumour
552980862774808577,16,5,5,non-rumour
552984511051751425,16,13,13,non-rumour
553102562665050112,16,12,12,non-rumour
553113395487330304,16,15,15,non-rumour
553113938091462656,16,9,9,non-rumour
553123958602862593,16,15,15,non-rumour
553140613051215873,16,15,15,non-rumour
553145859089920000,16,5,5,non-rumour
553147341470203906,16,12,12,non-rumour
553151749008424960,16,14,14,non-rumour
553158824979619840,16,15,15,non-rumour
553163344577064960,16,13,13,non-rumour
553164722380742656,16,15,15,non-rumour
553172609211596800,16,14,14,non-rumour
553177822312013825,16,13,13,non-rumour
553218001181605889,16,11,11,non-rumour
553218281705066496,16,14,14,non-rumour
553222038379180032,16,10,10,non-rumour
553233130275221504,16,12,12,non-rumour
553491005971132416,16,13,13,non-rumour
553542245966958592,16,13,13,non-rumour
553568095978401793,16,12,12,non-rumour
553571541578174465,16,6,6,non-rumour
552792988376915969,16,15,15,true-rumour
552793679082311680,16,8,7,true-rumour
552796091255894016,16,14,14,unverified
552829386773516290,16,13,13,true-rumour
552848620375261184,16,14,14,unverified
552996335319007233,16,5,5,false-rumour
553118198741356544,16,9,9,true-rumour
553484780093050880,16,9,9,true-rumour
553502180666531840,16,9,9,false-rumour
553536269972942849,16,10,10,true-rumour
553588012752568321,16,14,14,true-rumour
553589055116836864,16,15,15,true-rumour
552788007603142656,15,11,11,non-rumour
552789583260577792,15,13,13,non-rumour
552790695036321793,15,8,8,non-rumour
552811438994378754,15,8,8,non-rumour
552813988644659200,15,14,14,non-rumour
552814382338826240,15,4,4,non-rumour
552815017402589184,15,12,12,non-rumour
552816539175763969,15,13,13,non-rumour
552818300041052160,15,14,14,non-rumour
552824162969210880,15,12,12,non-rumour
552825211654246401,15,13,13,non-rumour
552825402872590336,15,8,7,non-rumour
552830433688571904,15,11,11,non-rumour
552830521340723200,15,13,13,non-rumour
552830850279424001,15,14,14,non-rumour
552831266945794048,15,9,9,non-rumour
552831524002103297,15,11,11,non-rumour
552832291601674240,15,12,12,non-rumour
552837655105658880,15,12,12,non-rumour
552840037642297345,15,12,12,non-rumour
552842580929826816,15,9,9,non-rumour
553112230292496384,15,8,8,non-rumour
553131566172737536,15,10,10,non-rumour
553145130354765824,15,14,14,non-rumour
553161458931236864,15,7,7,non-rumour
553177321218514944,15,14,14,non-rumour
553182566564757504,15,9,9,non-rumour
553194557316542465,15,10,10,non-rumour
553208762291339265,15,9,9,non-rumour
553227258782306304,15,12,12,non-rumour
553512076304728064,15,7,7,non-rumour
553519997956669440,15,6,6,non-rumour
553583376398319617,15,14,14,non-rumour
553590463354380288,15,14,14,non-rumour
553591548613386241,15,11,11,non-rumour
553591679341842432,15,14,14,non-rumour
552786016906383360,15,8,8,true-rumour
552797638807281664,15,5,5,unverified
552803839490150400,15,13,13,true-rumour
553104503520890880,15,5,4,true-rumour
553121732387946496,15,12,12,true-rumour
553164985460068352,15,14,14,unverified
553476880339599360,15,4,4,true-rumour
553486796534054912,15,14,14,false-rumour
553505242554175489,15,13,13,unverified
553544252563935234,15,14,14,unverified
553544694765215745,15,14,14,true-rumour
553588053348843520,15,7,7,true-rumour
552787144373460992,14,10,10,non-rumour
552804784819154944,14,4,4,non-rumour
552808135006887937,14,10,10,non-rumour
552809902956367872,14,11,11,non-rumour
552810287695659009,14,13,13,non-rumour
552812040926941185,14,7,7,non-rumour
552812098057936896,14,13,13,non-rumour
552813420136128513,14,5,5,non-rumour
552817918220984320,14,8,8,non-rumour
552818988468944897,14,12,12,non-rumour
552825783337897984,14,4,3,non-rumour
552831197420994560,14,10,10,non-rumour
552841287670308865,14,9,9,non-rumour
552845250268766209,14,10,10,non-rumour
552850603714826241,14,10,10,non-rumour
552983656231628800,14,12,12,non-rumour
552983966932688897,14,10,10,non-rumour
553108242856177664,14,12,12,non-rumour
553120696910364673,14,13,13,non-rumour
553145137086607360,14,12,12,non-rumour
553145603665186816,14,11,11,non-rumour
553151506556653568,14,13,13,non-rumour
553166907596365824,14,7,7,non-rumour
553171877464920064,14,10,10,non-rumour
553184390260338688,14,5,5,non-rumour
553189490521812992,14,7,7,non-rumour
553203538579701760,14,13,13,non-rumour
553210080829906945,14,10,10,non-rumour
553216460164968449,14,13,13,non-rumour
553224215676354560,14,12,12,non-rumour
553232531827740672,14,11,11,non-rumour
553473559352606720,14,8,8,non-rumour
553501469388058626,14,11,11,non-rumour
553502749498036224,14,10,10,non-rumour
553520399300833280,14,7,7,non-rumour
553525347266740226,14,11,11,non-rumour
553535227214438400,14,12,12,non-rumour
553542282100871168,14,13,13,non-rumour
553544566042009600,14,6,5,non-rumour
553549680538578944,14,11,11,non-rumour
553551148280729602,14,13,13,non-rumour
553575450329378816,14,11,11,non-rumour
553586523338440704,14,12,12,non-rumour
552784168849907712,14,3,3,true-rumour
552786818853113857,14,12,12,true-rumour
552790371848040449,14,13,13,unverified
552791182670327808,14,11,11,unverified
552805596198871040,14,12,12,unverified
552812682626465792,14,8,8,true-rumour
552830684021424128,14,5,5,false-rumour
552981833189969921,14,9,9,false-rumour
553521417598550016,14,11,11,unverified
553531413459660800,14,12,12,true-rumour
553534707108155392,14,7,7,unverified
553541988490825728,14,13,13,unverified
553542442373619712,14,9,9,unverified
553558982476828674,14,8,8,true-rumour
552801115516186625,13,7,7,non-rumour
552806624046641153,13,12,12,non-rumour
552807832257835008,13,11,11,non-rumour
552810166744547328,13,12,12,non-rumour
552811128326475776,13,8,8,non-rumour
552816288612225024,13,10,10,non-rumour
552819986834923520,13,7,7,non-rumour
552822076676255744,13,11,11,non-rumour
552823198484819969,13,11,11,non-rumour
552823940440403968,13,11,11,non-rumour
552827008800280576,13,12,12,non-rumour
552827123963281408,13,5,5,non-rumour
552827981069291520,13,10,10,non-rumour
552833658017824768,13,12,12,non-rumour
552837190360006657,13,10,10,non-rumour
552839416620658688,13,12,12,non-rumour
552839972911611904,13,4,4,non-rumour
552840740007866368,13,11,11,non-rumour
552841006799159296,13,8,8,non-rumour
552849968546213888,13,12,12,non-rumour
552978225010184193,13,8,8,non-rumour
553096943455727617,13,12,12,non-rumour
553126072905383936,13,12,12,non-rumour
553135255583219712,13,6,6,non-rumour
553144889811402752,13,8,8,non-rumour
553155289235881984,13,12,12,non-rumour
553165231275663361,13,5,5,non-rumour
553174536028303360,13,11,11,non-rumour
553174713061892097,13,11,11,non-rumour
553184451774402560,13,6,6,non-rumour
553226479904231424,13,12,12,non-rumour
553473369539366912,13,12,12,non-rumour
553523303453696001,13,12,12,non-rumour
553536358950916096,13,10,10,non-rumour
553540131756732416,13,9,9,non-rumour
553545782050045952,13,9,9,non-rumour
553546967281061888,13,8,8,non-rumour
553552772277481472,13,7,7,non-rumour
553553112456499200,13,11,11,non-rumour
553566279953842176,13,9,9,non-rumour
553576648973377537,13,12,12,non-rumour
553581227165642752,13,12,12,non-rumour
553584782987497474,13,7,7,non-rumour
553591653647138816,13,10,10,non-rumour
553592081483321346,13,9,9,non-rumour
552786361758265344,13,10,10,true-rumour
552799640488517632,13,10,10,true-rumour
552806757672964097,13,11,11,true-rumour
552822434639126528,13,11,11,unverified
552828474814398464,13,8,8,unverified
552829580579323904,13,9,9,unverified
552984347754897409,13,10,10,false-rumour
553136604882014208,13,12,12,false-rumour
553144712920834048,13,7,7,unverified
553474188259102720,13,12,12,unverified
553475430897156096,13,12,12,unverified
553480082996879360,13,3,3,false-rumour
553531971457265664,13,10,10,true-rumour
553552293371871233,13,10,10,unverified
553575232867672064,13,10,10,unverified
553586897168392192,13,10,10,true-rumour
553588178687655936,13,12,12,true-rumour
552790565642067968,12,7,7,non-rumour
552800222553079809,12,11,11,non-rumour
552801667855695873,12,10,10,non-rumour
552802714816905216,12,10,10,non-rumour
552804769241526272,12,9,9,non-rumour
552815575672836096,12,4,4,non-rumour
552826992509599744,12,9,9,non-rumour
552827606715076608,12,9,9,non-rumour
552827848734830592,12,11,11,non-rumour
552828280806850561,12,10,10,non-rumour
552831761957523456,12,11,11,non-rumour
552834808121163776,12,6,6,non-rumour
552836204283326465,12,10,10,non-rumour
552838568717344769,12,10,10,non-rumour
552839103214288896,12,4,3,non-rumour
552841684485414914,12,11,11,non-rumour
552844893148938240,12,8,8,non-rumour
552849585899462659,12,11,11,non-rumour
552850092806258690,12,10,10,non-rumour
552851847581413377,12,7,7,non-rumour
553110780745629696,12,9,9,non-rumour
553117857609809920,12,11,11,non-rumour
553122276913471488,12,7,7,non-rumour
553137601457426433,12,4,4,non-rumour
553139285717950465,12,11,11,non-rumour
553149508637708288,12,11,11,non-rumour
553155988917075968,12,11,11,non-rumour
553161476928978944,12,10,10,non-rumour
553173371043995648,12,10,10,non-rumour
553174607604482048,12,10,10,non-rumour
553177833686589440,12,11,11,non-rumour
553201523577331712,12,11,11,non-rumour
553223992300285952,12,8,8,non-rumour
553226059836297216,12,9,9,non-rumour
553230614712033283,12,11,11,non-rumour
553473629854646272,12,9,9,non-rumour
553487356733313024,12,10,10,non-rumour
553491924015783936,12,11,11,non-rumour
553517053110657024,12,10,10,non-rumour
553529789794250753,12,11,11,non-rumour
553541601482784768,12,11,11,non-rumour
553543395017510912,12,7,7,non-rumour
553562569169199104,12,11,11,non-rumour
553567850301231106,12,11,11,non-rumour
553571432475951105,12,9,9,non-rumour
553585447235223552,12,11,11,non-rumour
553589869810028544,12,11,11,non-rumour
553590750701551616,12,10,10,non-rumour
552799317602615297,12,10,10,true-rumour
552801438821515264,12,11,11,true-rumour
552801958428700672,12,10,10,unverified
552832817089236992,12,8,8,true-rumour
553129559173115904,12,7,7,true-rumour
553141732452626432,12,9,9,unverified
553160652567498752,12,11,11,true-rumour
553486529231089664,12,11,11,false-rumour
553518024272379905,12,5,5,true-rumour
553535862911541248,12,9,9,true-rumour
553546029212389376,12,9,9,unverified
553553724548059137,12,9,9,true-rumour
553566026030272512,12,9,9,true-rumour
553572754746638337,12,11,11,unverified
553574345235103746,12,11,11,true-rumour
553586781355278336,12,10,10,true-rumour
553590529548886016,12,10,10,true-rumour
552786299875520512,11,8,8,non-rumour
552789550238801920,11,6,6,non-rumour
552799669521481728,11,7,7,non-rumour
552800223496790018,11,6,6,non-rumour
552802515969138688,11,9,9,non-rumour
552803431702749184,11,9,9,non-rumour
552804175310901248,11,5,5,non-rumour
552807013764575232,11,10,10,non-rumour
552811772038881280,11,9,9,non-rumour
552813011803836416,11,10,10,non-rumour
552814130827370498,11,7,7,non-rumour
552814845016694786,11,10,10,non-rumour
552817391181103104,11,9,9,non-rumour
552819208212717568,11,5,5,non-rumour
552829082388660224,11,8,8,non-rumour
552834996265054208,11,10,10,non-rumour
552846463467024384,11,7,7,non-rumour
552978030935941120,11,9,9,non-rumour
552979992603533312,11,9,9,non-rumour
552980714610634753,11,10,10,non-rumour
553097004138913792,11,9,9,non-rumour
553106869615472640,11,10,10,non-rumour
553116528074575872,11,10,10,non-rumour
553127274829328385,11,6,6,non-rumour
553127899033640960,11,10,10,non-rumour
553132534771744768,11,6,6,non-rumour
553139058827096064,11,10,10,non-rumour
553152831050362882,11,5,5,non-rumour
553159439457341442,11,10,10,non-rumour
553163862707818496,11,10,10,non-rumour
553168792017457154,11,9,9,non-rumour
553174247506706432,11,10,10,non-rumour
553175550231986177,11,10,10,non-rumour
553187649943384064,11,10,10,non-rumour
553200115079712768,11,9,9,non-rumour
553206304396038145,11,9,9,non-rumour
553208300607922177,11,6,6,non-rumour
553225359928213505,11,7,7,non-rumour
553231516290269184,11,6,6,non-rumour
553499806883381249,11,10,10,non-rumour
553546878902861825,11,8,8,non-rumour
553551934251343872,11,6,6,non-rumour
553552493561798656,11,8,8,non-rumour
553558611306090496,11,7,7,non-rumour
553560480586166272,11,7,7,non-rumour
553567184002502656,11,7,7,non-rumour
553575803733426176,11,8,8,non-rumour
553581501422788608,11,10,10,non-rumour
553589469849583616,11,10,10,non-rumour
553589657695715328,11,7,7,non-rumour
553591303582523392,11,10,10,non-rumour
552785367972450304,11,8,8,unverified
552785443813457921,11,10,10,true-rumour
552799591255384065,11,8,8,unverified
552802128688078848,11,9,9,true-rumour
552814494381256704,11,10,10,false-rumour
552821475066281984,11,10,10,unverified
552825753264717824,11,9,9,false-rumour
553216909022605312,11,8,8,unverified
553475729187680258,11,9,9,unverified
553478142791548928,11,10,10,unverified
553484760233017344,11,10,10,unverified
553558131369062400,11,6,6,false-rumour
553588913747808256,11,10,10,true-rumour
552784898743099392,10,8,8,non-rumour
552788555584765952,10,3,3,non-rumour
552799606833430528,10,6,6,non-rumour
552806890498191361,10,9,9,non-rumour
552807236339507200,10,9,9,non-rumour
552808701065953280,10,7,7,non-rumour
552808785329549313,10,4,4,non-rumour
552809336360419329,10,9,9,non-rumour
552816883012239360,10,3,3,non-rumour
552817061203050496,10,5,5,non-rumour
552817146166652928,10,8,8,non-rumour
552817151112142848,10,9,9,non-rumour
552821282447040513,10,9,9,non-rumour
552822450824962048,10,9,9,non-rumour
552823186966855680,10,9,9,non-rumour
552823829333291010,10,5,5,non-rumour
552826876398292992,10,8,8,non-rumour
552830599002857472,10,8,8,non-rumour
552830668607348736,10,7,7,non-rumour
552831974784905216,10,9,9,non-rumour
552832232197746688,10,4,4,non-rumour
552832784046108672,10,8,8,non-rumour
552833432540430337,10,9,9,non-rumour
552833941930274816,10,7,7,non-rumour
552836975741632514,10,6,6,non-rumour
552837086425128961,10,7,7,non-rumour
552839167575883776,10,8,8,non-rumour
552842042242789377,10,8,8,non-rumour
552842837516386304,10,9,9,non-rumour
552845017208061953,10,4,4,non-rumour
552847505763737600,10,8,8,non-rumour
552849116280393728,10,8,8,non-rumour
552850079074099201,10,6,6,non-rumour
552978972963643392,10,9,9,non-rumour
552984940900384769,10,8,8,non-rumour
553100279089205249,10,8,8,non-rumour
553100922268942336,10,9,9,non-rumour
553115926531674112,10,9,9,non-rumour
553118384540643328,10,9,9,non-rumour
553125364520992768,10,8,8,non-rumour
553134790925619201,10,9,9,non-rumour
553135886859534336,10,7,7,non-rumour
553145236268916736,10,7,7,non-rumour
553149253363576832,10,9,9,non-rumour
553151670796820480,10,9,9,non-rumour
553157600225677312,10,7,7,non-rumour
553160898399834112,10,9,9,non-rumour
553164381673259008,10,4,4,non-rumour
553165418639413248,10,9,9,non-rumour
553172769819852800,10,8,8,non-rumour
553183099610095616,10,8,8,non-rumour
553183420499894272,10,8,8,non-rumour
553186577850335232,10,9,9,non-rumour
553187683510812672,10,9,9,non-rumour
553195138156343296,10,5,5,non-rumour
553203041705664513,10,8,8,non-rumour
553209232712294401,10,9,9,non-rumour
553225402282692608,10,7,7,non-rumour
553235360722214912,10,6,6,non-rumour
553536532960010240,10,9,9,non-rumour
553553202197827584,10,8,8,non-rumour
553555432577708032,10,7,7,non-rumour
553570659805454336,10,9,9,non-rumour
553570818031374336,10,9,9,non-rumour
553581612588605440,10,6,6,non-rumour
553584683892871168,10,8,8,non-rumour
553585862987235328,10,9,9,non-rumour
553591317478264832,10,9,9,non-rumour
553592023392202752,10,8,8,non-rumour
552783238415265792,10,5,5,true-rumour
552804839886184448,10,9,9,true-rumour
552805619301097472,10,7,7,unverified
553184958958022657,10,9,9,unverified
553471987411324929,10,9,9,unverified
553474232596701184,10,7,7,false-rumour
553488054640340992,10,9,9,unverified
553502311872733184,10,9,9,true-rumour
553529334892609536,10,6,6,unverified
553533499643547648,10,4,4,unverified
553575984054951936,10,9,9,unverified
553589285342175232,10,9,9,unverified
552788720236376064,9,6,6,non-rumour
552791159232540673,9,6,6,non-rumour
552795953301045248,9,8,8,non-rumour
552797170295144449,9,5,5,non-rumour
552804198161854464,9,8,8,non-rumour
552807191775043585,9,8,8,non-rumour
552808461940301825,9,3,3,non-rumour
552810276635291649,9,6,6,non-rumour
552813160110252032,9,7,7,non-rumour
552813223360352256,9,8,8,non-rumour
552814216550563840,9,8,8,non-rumour
552817490263572480,9,7,7,non-rumour
552818868604129280,9,6,6,non-rumour
552820533507944448,9,5,5,non-rumour
552822739388882944,9,6,6,non-rumour
552822812281692160,9,8,8,non-rumour
552826581916594178,9,5,5,non-rumour
552827966950866945,9,3,3,non-rumour
552829306439598080,9,8,8,non-rumour
552830966411321344,9,8,8,non-rumour
552832019940376576,9,7,7,non-rumour
552836516775354368,9,8,8,non-rumour
552836968410021888,9,6,6,non-rumour
552837484221300736,9,8,8,non-rumour
552837561119686656,9,8,8,non-rumour
552840905213083648,9,8,8,non-rumour
552844167681159169,9,8,8,non-rumour
552848426812313600,9,8,8,non-rumour
552849316021551105,9,8,8,non-rumour
552850725467082752,9,8,8,non-rumour
553099050409807872,9,8,8,non-rumour
553113536625664000,9,5,5,non-rumour
553114158989074432,9,4,4,non-rumour
553115176057065473,9,7,7,non-rumour
553118438332571648,9,8,8,non-rumour
553129378969047043,9,6,6,non-rumour
553131713376047104,9,8,8,non-rumour
553132819237462016,9,7,7,non-rumour
553137713163943936,9,8,8,non-rumour
553140194606469121,9,8,8,non-rumour
553143017922912256,9,8,8,non-rumour
553143987377561600,9,8,8,non-rumour
553168646051475456,9,4,4,non-rumour
553180503969644544,9,8,8,non-rumour
553204017552457728,9,4,3,non-rumour
553212338728603648,9,8,8,non-rumour
553492417023057920,9,5,5,non-rumour
553509591888441344,9,8,8,non-rumour
553517548734791680,9,8,8,non-rumour
553538523266318336,9,8,8,non-rumour
553540381187780609,9,6,6,non-rumour
553540478403366912,9,8,8,non-rumour
553546679161745408,9,6,6,non-rumour
553558108866637824,9,8,8,non-rumour
553563889104093184,9,8,8,non-rumour
553569512269021184,9,7,7,non-rumour
553586246883475456,9,6,6,non-rumour
553587920398221313,9,8,8,non-rumour
553589330846183425,9,8,8,non-rumour
553591475830009857,9,8,8,non-rumour
552790074166108160,9,8,8,true-rumour
552791034447794176,9,6,6,true-rumour
552791065645027328,9,7,7,true-rumour
552792802309181440,9,6,6,true-rumour
552795693682032640,9,8,8,true-rumour
552830864187727876,9,7,7,false-rumour
553139825008599041,9,7,7,true-rumour
553167429665587200,9,7,7,false-rumour
553212962044149761,9,6,6,unverified
553470140042735616,9,8,8,false-rumour
553475269873643520,9,8,8,true-rumour
553477352542707712,9,8,8,false-rumour
553477554041257985,9,8,8,false-rumour
553479222434729984,9,8,8,unverified
553486439129038848,9,8,8,false-rumour
553489393202499584,9,8,8,false-rumour
553505858811080704,9,8,8,false-rumour
553515399438811136,9,7,7,true-rumour
553519375521951744,9,6,6,false-rumour
553535221828964352,9,8,8,unverified
553551286793416704,9,8,8,true-rumour
553551598954491904,9,8,8,true-rumour
553552825431883776,9,8,8,false-rumour
553561452318322688,9,6,6,unverified
553566877956734976,9,8,8,true-rumour
553572740125712385,9,8,8,unverified
553589051044151296,9,8,8,true-rumour
552791414388424704,8,4,4,non-rumour
552798010196107264,8,5,5,non-rumour
552798016646942721,8,7,7,non-rumour
552803413583360001,8,5,5,non-rumour
552808138127446016,8,5,5,non-rumour
552812623658762240,8,6,6,non-rumour
552814317096407040,8,7,7,non-rumour
552814983797821440,8,7,7,non-rumour
552815993165467649,8,6,6,non-rumour
552816233796894720,8,7,7,non-rumour
552819569103220736,8,4,4,non-rumour
552826238407294977,8,7,7,non-rumour
552827825603219456,8,4,4,non-rumour
552834033600966657,8,6,6,non-rumour
552834411553886209,8,6,6,non-rumour
552836913091330051,8,5,5,non-rumour
552837814946394112,8,7,7,non-rumour
552838613877411840,8,6,6,non-rumour
552839975843016706,8,4,4,non-rumour
552840067199533057,8,6,6,non-rumour
552846893588709376,8,7,7,non-rumour
552848701312737280,8,4,4,non-rumour
552849194944167936,8,3,3,non-rumour
552851838928953344,8,5,5,non-rumour
552982669840355329,8,4,4,non-rumour
552984527295873024,8,7,7,non-rumour
552985973445783552,8,7,7,non-rumour
553104721503088640,8,7,7,non-rumour
553108804934856704,8,7,7,non-rumour
553110609513177088,8,5,5,non-rumour
553117500410716160,8,7,7,non-rumour
553123078541434880,8,4,4,non-rumour
553145830761594880,8,6,6,non-rumour
553147120942084096,8,7,7,non-rumour
553153740925304832,8,7,7,non-rumour
553169577228926976,8,6,6,non-rumour
553176976698376192,8,7,7,non-rumour
553186739326812161,8,7,7,non-rumour
553197181151481857,8,5,5,non-rumour
553207216774590464,8,7,7,non-rumour
553207514222063618,8,5,5,non-rumour
553214612569456640,8,6,6,non-rumour
553215313807163392,8,7,7,non-rumour
553229626756329472,8,5,5,non-rumour
553483707122995201,8,5,5,non-rumour
553506985413713920,8,7,7,non-rumour
553509181446443008,8,7,7,non-rumour
553525290908262400,8,7,7,non-rumour
553528503573184514,8,6,6,non-rumour
553542208214036480,8,7,7,non-rumour
553542417673367552,8,7,7,non-rumour
553543032642220033,8,6,6,non-rumour
553544078768766977,8,7,7,non-rumour
553544266526760960,8,7,7,non-rumour
553558126147149825,8,7,7,non-rumour
553569379674521600,8,5,5,non-rumour
553572914923323392,8,6,6,non-rumour
553581209193050112,8,6,6,non-rumour
553583809602801665,8,7,7,non-rumour
553589860880375808,8,6,6,non-rumour
553589860892942337,8,7,7,non-rumour
553591760668991488,8,6,6,non-rumour
553592195786506240,8,5,5,non-rumour
552783667052167168,8,5,5,true-rumour
552791115599192064,8,5,5,unverified
552794942759010304,8,7,7,true-rumour
552801880812691456,8,2,2,false-rumour
552802654641225728,8,6,6,true-rumour
552813494345940992,8,5,5,false-rumour
552814767417876480,8,7,7,true-rumour
553124268196642816,8,4,4,false-rumour
553470733180223489,8,7,7,unverified
553477692591726592,8,7,7,false-rumour
553493222052605952,8,6,6,true-rumour
553529941938425857,8,6,6,unverified
553531781690163201,8,7,7,unverified
553534838880608256,8,7,7,true-rumour
553554351633858560,8,4,4,false-rumour
553558513210105856,8,4,4,false-rumour
553587329626292224,8,7,7,true-rumour
553587735613952001,8,3,3,true-rumour
552787144415404032,7,3,3,non-rumour
552787914271510529,7,6,6,non-rumour
552802531672588288,7,5,5,non-rumour
552804592988479488,7,5,5,non-rumour
552805853762699264,7,6,6,non-rumour
552807536894947329,7,3,3,non-rumour
552807658869493760,7,6,6,non-rumour
552807783385800705,7,6,6,non-rumour
552812847651377153,7,3,3,non-rumour
552814076167213056,7,5,5,non-rumour
552814916567322624,7,4,4,non-rumour
552820156980670464,7,4,4,non-rumour
552820384039706624,7,4,4,non-rumour
552821223676444672,7,6,6,non-rumour
552821991850668032,7,6,6,non-rumour
552824885484224513,7,4,4,non-rumour
552826060455550976,7,5,5,non-rumour
552826150141960192,7,5,5,non-rumour
552827979093385216,7,6,6,non-rumour
552829904396775425,7,6,6,non-rumour
552831230735962113,7,6,6,non-rumour
552831705351225344,7,6,6,non-rumour
552836095332081664,7,6,6,non-rumour
552838074636718080,7,6,6,non-rumour
552839028350136320,7,5,5,non-rumour
552839270395035649,7,5,5,non-rumour
552839385209917440,7,6,6,non-rumour
552841650582847488,7,6,6,non-rumour
552846287314640897,7,6,6,non-rumour
552978586559188992,7,5,5,non-rumour
552982816045408256,7,5,5,non-rumour
552983300730404864,7,4,4,non-rumour
553098785132670976,7,6,6,non-rumour
553101388926840832,7,6,6,non-rumour
553102828743716864,7,6,6,non-rumour
553119505887395840,7,5,5,non-rumour
553126492579053568,7,6,6,non-rumour
553126953268834304,7,4,3,non-rumour
553135991083769856,7,5,5,non-rumour
553138330557108224,7,4,4,non-rumour
553146494271094784,7,6,6,non-rumour
553151328009351169,7,6,6,non-rumour
553161360503500801,7,4,4,non-rumour
553174639158231041,7,4,4,non-rumour
553186515359379457,7,6,6,non-rumour
553195852643442688,7,5,5,non-rumour
553199320053592067,7,6,6,non-rumour
553213362713399297,7,5,5,non-rumour
553214358948683776,7,6,6,non-rumour
553222048924049408,7,6,6,non-rumour
553225828625297408,7,3,3,non-rumour
553484530804613120,7,5,5,non-rumour
553511977478537216,7,5,5,non-rumour
553537870431268864,7,6,6,non-rumour
553538483474534400,7,6,6,non-rumour
553578348111085568,7,4,4,non-rumour
553581669710831617,7,6,6,non-rumour
553582465734832128,7,5,5,non-rumour
553585530504749057,7,6,6,non-rumour
553585838056280064,7,4,4,non-rumour
553586538928676864,7,6,6,non-rumour
553587708367765504,7,6,6,non-rumour
553587816048099328,7,6,6,non-rumour
553589914684895232,7,6,6,non-rumour
552789127792717826,7,6,6,true-rumour
552792193992519680,7,4,4,true-rumour
552798891994009601,7,6,6,true-rumour
552804394727927808,7,6,6,true-rumour
552813549291315200,7,6,6,false-rumour
552815540721291265,7,5,5,true-rumour
552816932643405824,7,6,6,unverified
552978376424964097,7,4,4,false-rumour
553107921081749504,7,6,6,true-rumour
553123329561743361,7,6,6,false-rumour
553470492565602305,7,6,6,unverified
553470977972375553,7,6,6,false-rumour
553476073703620609,7,6,6,true-rumour
553477943616634880,7,5,5,false-rumour
553478289474740224,7,5,5,false-rumour
553480702067736578,7,6,6,false-rumour
553515054503821312,7,6,6,true-rumour
553529935789559808,7,6,6,unverified
553531316797718528,7,6,6,unverified
553536397731442688,7,6,6,true-rumour
553542235661553665,7,5,5,unverified
553556060569862145,7,5,5,false-rumour
553590522800275456,7,6,6,unverified
552786116404072448,6,4,4,non-rumour
552787599031828480,6,5,5,non-rumour
552789886202175490,6,5,5,non-rumour
552806462125506560,6,4,4,non-rumour
552809042687819776,6,3,2,non-rumour
552812188315172864,6,4,4,non-rumour
552812416485294080,6,5,5,non-rumour
552814410763603968,6,5,5,non-rumour
552814978823385088,6,4,4,non-rumour
552817769604198400,6,4,4,non-rumour
552824769754976257,6,4,4,non-rumour
552825257707335680,6,5,5,non-rumour
552828400843620353,6,5,5,non-rumour
552835288725061635,6,5,5,non-rumour
552837610897694720,6,4,4,non-rumour
552843136238899200,6,5,5,non-rumour
552847035108323329,6,5,5,non-rumour
552978385572732928,6,5,5,non-rumour
552979275776032768,6,5,5,non-rumour
552980299769200640,6,4,4,non-rumour
552980760500916225,6,3,3,non-rumour
552984798671945728,6,5,5,non-rumour
553103832717094912,6,5,5,non-rumour
553107688591089664,6,5,5,non-rumour
553124563266306048,6,5,5,non-rumour
553143415899451393,6,5,5,non-rumour
553144448452792321,6,5,5,non-rumour
553145736045801472,6,5,5,non-rumour
553146691344695297,6,4,4,non-rumour
553155430055440384,6,5,5,non-rumour
553157352091025408,6,5,5,non-rumour
553158826435018752,6,5,5,non-rumour
553159290987364352,6,4,4,non-rumour
553160909208559616,6,5,5,non-rumour
553161401733496832,6,5,5,non-rumour
553180071775993857,6,5,5,non-rumour
553180729254113280,6,4,4,non-rumour
553181500104269824,6,4,4,non-rumour
553188225691684864,6,5,5,non-rumour
553189024941481985,6,5,5,non-rumour
553195827397926912,6,5,5,non-rumour
553207267685060608,6,5,5,non-rumour
553212702714499074,6,5,5,non-rumour
553214597055135744,6,5,5,non-rumour
553218083410952192,6,3,3,non-rumour
553224764924243969,6,5,5,non-rumour
553225701701066752,6,4,4,non-rumour
553227856046596097,6,4,4,non-rumour
553228482927263744,6,5,5,non-rumour
553236009081921536,6,5,5,non-rumour
553497508970631168,6,5,5,non-rumour
553517080637489154,6,4,4,non-rumour
553527964856352769,6,5,5,non-rumour
553533859032477696,6,5,5,non-rumour
553538456207777792,6,4,4,non-rumour
553538939454509056,6,5,5,non-rumour
553540355317334016,6,5,5,non-rumour
553561762466115584,6,5,5,non-rumour
553570914143854592,6,5,5,non-rumour
553582011324329984,6,5,5,non-rumour
553583035820802048,6,5,5,non-rumour
553586393189212161,6,5,5,non-rumour
553590811355795456,6,2,2,non-rumour
553591841996951553,6,5,5,non-rumour
552783745565347840,6,5,5,true-rumour
552790875492073472,6,5,5,true-rumour
552790878805168129,6,5,5,true-rumour
552792913910833152,6,4,4,true-rumour
552793539856588801,6,5,5,unverified
552795050502270976,6,5,5,true-rumour
552796863297236992,6,5,5,unverified
552818821460148226,6,4,4,unverified
552828658747187201,6,5,5,true-rumour
552842762505428992,6,5,5,false-rumour
552985912901001218,6,5,5,false-rumour
552986187364065281,6,3,3,false-rumour
553096753898323968,6,5,5,true-rumour
553169307824177152,6,5,5,false-rumour
553176753297162240,6,5,5,unverified
553202028575731713,6,5,5,false-rumour
553468492700454912,6,3,3,unverified
553474012446478336,6,5,5,true-rumour
553474965278691330,6,5,5,false-rumour
553481076916883456,6,5,5,false-rumour
553493510306152448,6,5,5,false-rumour
553512735192141826,6,5,5,true-rumour
553517713147301888,6,5,5,false-rumour
553535829017370625,6,5,5,true-rumour
553556984273072128,6,5,5,false-rumour
553588080964558849,6,3,3,true-rumour
553589372084162560,6,3,3,unverified
552789196906459136,5,4,4,non-rumour
552795056080691200,5,3,3,non-rumour
552796895513681920,5,4,4,non-rumour
552807582113730560,5,4,4,non-rumour
552808776492130304,5,4,4,non-rumour
552814137857036289,5,4,4,non-rumour
552819983915700224,5,2,2,non-rumour
552820735513612288,5,2,2,non-rumour
552825739075022848,5,4,4,non-rumour
552830459273809920,5,3,2,non-rumour
552830674357334016,5,4,4,non-rumour
552831978522021890,5,3,3,non-rumour
552833942777511937,5,3,3,non-rumour
552835109372825601,5,4,4,non-rumour
552835794646212608,5,4,4,non-rumour
552841157785694208,5,4,4,non-rumour
552842140188147712,5,3,3,non-rumour
552842755454799872,5,4,4,non-rumour
552843349246619648,5,4,4,non-rumour
552846625467817984,5,4,4,non-rumour
552847251207241728,5,4,4,non-rumour
552850022271033344,5,4,4,non-rumour
552986374765563904,5,2,2,non-rumour
553110751238701058,5,4,4,non-rumour
553124985900785666,5,4,4,non-rumour
553131797379551232,5,4,4,non-rumour
553143519536500738,5,4,4,non-rumour
553144384737525762,5,4,4,non-rumour
553156988356820992,5,4,4,non-rumour
553165824979386368,5,2,2,non-rumour
553181586829484034,5,4,4,non-rumour
553185854165114882,5,4,4,non-rumour
553192366098898945,5,4,4,non-rumour
553198853487611907,5,4,4,non-rumour
553201965002653696,5,4,4,non-rumour
553205691742425088,5,4,4,non-rumour
553219770053443585,5,4,4,non-rumour
553221319345844225,5,4,4,non-rumour
553225809444749313,5,4,4,non-rumour
553227441712668672,5,3,3,non-rumour
553480287045554176,5,4,4,non-rumour
553490358748061696,5,4,4,non-rumour
553524183594844160,5,4,4,non-rumour
553537740588220416,5,4,4,non-rumour
553545857304629248,5,4,4,non-rumour
553548404102414337,5,3,3,non-rumour
553560219981459457,5,4,4,non-rumour
553582206019723264,5,4,4,non-rumour
553585596959318016,5,4,4,non-rumour
553591084409184256,5,4,4,non-rumour
552785695845396480,5,3,3,true-rumour
552787544837197824,5,2,1,true-rumour
552795585095671808,5,4,4,unverified
552804763461775360,5,4,4,true-rumour
552808620187217920,5,4,4,true-rumour
552810138114195456,5,3,3,unverified
552815182708494336,5,4,4,unverified
552815274848964608,5,4,4,true-rumour
552816020403269632,5,4,4,unverified
552834445301256192,5,4,4,false-rumour
552982613288157184,5,4,4,false-rumour
553098571323437056,5,3,3,false-rumour
553103334626701312,5,4,4,true-rumour
553115236992290816,5,4,4,false-rumour
553472437644320769,5,4,4,unverified
553472488462901248,5,3,3,unverified
553476490315431937,5,4,4,true-rumour
553476600985948160,5,4,4,unverified
553487544508493825,5,4,4,false-rumour
553530558614351873,5,4,4,unverified
553534768537939968,5,4,4,unverified
553537537126694912,5,3,3,true-rumour
553537939041701888,5,4,4,unverified
553553813542797312,5,4,4,false-rumour
553587861837328385,5,4,4,true-rumour
552792131447037952,4,3,3,non-rumour
552796269069209600,4,3,3,non-rumour
552798832359374849,4,3,3,non-rumour
552803757864787968,4,3,3,non-rumour
552807071054184448,4,3,3,non-rumour
552814974511628289,4,3,3,non-rumour
552818368487911425,4,3,3,non-rumour
552819824007872512,4,3,3,non-rumour
552822465047437314,4,3,3,non-rumour
552822841541144577,4,2,2,non-rumour
552823949311369216,4,3,3,non-rumour
552828308744699904,4,3,3,non-rumour
552829622128500736,4,3,3,non-rumour
552831101312303104,4,3,3,non-rumour
552831624283693056,4,3,3,non-rumour
552832721945628672,4,3,3,non-rumour
552834623944671232,4,3,3,non-rumour
552841583251701761,4,3,3,non-rumour
552845255796461569,4,2,2,non-rumour
552846938677059586,4,3,3,non-rumour
552849515271958528,4,3,3,non-rumour
552980288394231809,4,3,3,non-rumour
552982263907241984,4,3,3,non-rumour
552982828963856384,4,3,3,non-rumour
552983003308515328,4,3,3,non-rumour
552984474729062401,4,3,3,non-rumour
553103134210666497,4,3,3,non-rumour
553104539898089472,4,3,3,non-rumour
553105493255000065,4,3,3,non-rumour
553121522769219584,4,3,3,non-rumour
553151804046082048,4,2,2,non-rumour
553152448077258753,4,3,3,non-rumour
553160213839486976,4,3,3,non-rumour
553172543470043136,4,3,3,non-rumour
553172900270727169,4,3,3,non-rumour
553188115033387008,4,3,3,non-rumour
553201539737976833,4,3,3,non-rumour
553218279557582849,4,3,3,non-rumour
553466755411369985,4,3,3,non-rumour
553472557978902529,4,3,3,non-rumour
553496228055777280,4,3,3,non-rumour
553516197283893248,4,3,3,non-rumour
553537235463979008,4,3,3,non-rumour
553537380209401856,4,3,3,non-rumour
553543467427577858,4,3,3,non-rumour
553544336475168769,4,3,3,non-rumour
553579914717577216,4,3,3,non-rumour
553581668142153729,4,3,3,non-rumour
553581958455123968,4,3,3,non-rumour
553582057537146880,4,3,3,non-rumour
553583847850663936,4,3,3,non-rumour
553584868685520897,4,2,2,non-rumour
553586798451257344,4,3,3,non-rumour
553589419933196288,4,3,3,non-rumour
552785375161499649,4,3,3,true-rumour
552788947219533824,4,3,3,true-rumour
552795566242279424,4,2,2,true-rumour
552804408233193473,4,3,3,true-rumour
552806117328568321,4,3,3,true-rumour
552808904137408512,4,3,3,true-rumour
552816600995614721,4,2,2,false-rumour
552978099357237248,4,3,3,false-rumour
552984502063337472,4,3,3,true-rumour
553103772852191233,4,3,3,false-rumour
553116915325870083,4,3,3,unverified
553130148107943937,4,3,3,false-rumour
553152215050125313,4,3,3,true-rumour
553167814941761538,4,3,3,false-rumour
553188382403477505,4,2,1,false-rumour
553472225798795264,4,2,2,unverified
553483415954411520,4,3,3,true-rumour
553488824656203776,4,3,3,true-rumour
553530524183326720,4,3,3,true-rumour
553532980871053312,4,3,3,unverified
553532980896231424,4,3,3,true-rumour
553550448154910720,4,3,3,true-rumour
553553173743677440,4,3,3,false-rumour
553553244845522945,4,3,3,true-rumour
553590891852886019,4,3,3,true-rumour
552790598823186432,3,2,2,non-rumour
552805209424941058,3,2,2,non-rumour
552810249263259649,3,2,2,non-rumour
552810805243412481,3,2,2,non-rumour
552814766369284097,3,2,2,non-rumour
552815091331366912,3,2,2,non-rumour
552815712432316417,3,2,2,non-rumour
552824126659104771,3,2,2,non-rumour
552824705703763969,3,2,2,non-rumour
552826724774592512,3,2,1,non-rumour
552831506041683970,3,2,2,non-rumour
552834754056556544,3,2,1,non-rumour
552835301547442176,3,2,2,non-rumour
552836444835037184,3,2,2,non-rumour
552837527640363010,3,2,2,non-rumour
552838203276021760,3,2,2,non-rumour
552838440103198720,3,2,2,non-rumour
552838710296080384,3,2,2,non-rumour
552848704819183616,3,2,2,non-rumour
552848726197559296,3,2,2,non-rumour
552848961372176384,3,2,2,non-rumour
552850116324130816,3,2,2,non-rumour
552851433247477760,3,2,2,non-rumour
553101451271352320,3,2,2,non-rumour
553105942460760064,3,2,2,non-rumour
553108153915944961,3,2,2,non-rumour
553128548526227456,3,2,2,non-rumour
553129478008758272,3,2,2,non-rumour
553131557892804609,3,2,1,non-rumour
553144928721973248,3,2,2,non-rumour
553148339160907776,3,2,2,non-rumour
553171989385728000,3,2,2,non-rumour
553198344034865152,3,2,2,non-rumour
553200552142983168,3,2,2,non-rumour
553214939838836736,3,2,2,non-rumour
553481335948709888,3,2,2,non-rumour
553485866346483713,3,2,2,non-rumour
553521697350234112,3,2,2,non-rumour
553560429910568960,3,2,1,non-rumour
553567732126736385,3,2,2,non-rumour
553570203678683136,3,2,2,non-rumour
553578191391301633,3,2,2,non-rumour
553582049282768897,3,2,2,non-rumour
553582801833185280,3,2,2,non-rumour
553587278564823041,3,2,2,non-rumour
553588704913416192,3,2,2,non-rumour
553589880245481472,3,2,2,non-rumour
552785551930454016,3,2,2,unverified
552788396733906944,3,2,2,true-rumour
552801954733490176,3,2,2,true-rumour
552817101057318913,3,2,2,true-rumour
552822696195932161,3,2,2,unverified
552822696200142850,3,2,2,unverified
552978184413921281,3,2,2,false-rumour
552980261512949760,3,2,2,false-rumour
553221600955621376,3,2,2,true-rumour
553466230989144064,3,2,2,false-rumour
553467311261503488,3,2,2,unverified
553471193110421504,3,2,2,false-rumour
553473704060284928,3,2,2,unverified
553490238979727360,3,2,2,false-rumour
553524086417424384,3,2,2,true-rumour
553530667821457408,3,2,2,unverified
553531130163773440,3,2,2,unverified
553535829529100288,3,2,2,true-rumour
553588106587545600,3,2,2,true-rumour
553588760060125185,3,2,2,true-rumour
552792253601947648,2,1,1,non-rumour
552797058990870528,2,1,1,non-rumour
552797114863198208,2,1,1,non-rumour
552798200990806016,2,1,1,non-rumour
552810359409897472,2,1,1,non-rumour
552817759684665345,2,1,1,non-rumour
552820265994829824,2,1,1,non-rumour
552823029680852992,2,1,1,non-rumour
552825473160736768,2,1,1,non-rumour
552827029692104706,2,1,1,non-rumour
552831420197261314,2,1,1,non-rumour
552835385043062784,2,1,1,non-rumour
552836167029514240,2,1,1,non-rumour
552844767281688577,2,1,1,non-rumour
552846353416867841,2,1,1,non-rumour
552848013778251777,2,1,1,non-rumour
552850599168196608,2,1,1,non-rumour
552850611524599808,2,1,1,non-rumour
552978519328686080,2,1,1,non-rumour
553117778870169600,2,1,1,non-rumour
553125384246804480,2,1,1,non-rumour
553129117215100928,2,1,1,non-rumour
553130475032563712,2,1,1,non-rumour
553138598980370433,2,1,1,non-rumour
553139573019406336,2,1,1,non-rumour
553145034720030720,2,1,1,non-rumour
553145690424344576,2,1,1,non-rumour
553149163181838336,2,1,1,non-rumour
553151132949053440,2,1,1,non-rumour
553159409476837376,2,1,1,non-rumour
553169114102247424,2,1,1,non-rumour
553185062829948928,2,1,1,non-rumour
553208946350362625,2,1,1,non-rumour
553540824768991233,2,1,1,non-rumour
553541834975498240,2,1,1,non-rumour
553559880599359488,2,1,1,non-rumour
553583059761897473,2,1,1,non-rumour
553583867664535552,2,1,1,non-rumour
553586959596396544,2,1,1,non-rumour
552787231468191744,2,1,1,unverified
552787878351474688,2,1,1,true-rumour
552805735885991936,2,1,1,unverified
552807210041212928,2,1,1,false-rumour
553137946740932608,2,1,1,unverified
553190393370923008,2,1,1,false-rumour
553480292498153472,2,1,1,false-rumour
553518053838061568,2,1,1,false-rumour
553535971959275520,2,1,1,unverified
553586978017775616,2,1,1,true-rumour
553589295525941248,2,1,1,true-rumour
552792518870708224,1,0,0,non-rumour
552800929519792128,1,0,0,non-rumour
552808669646036992,1,0,0,non-rumour
552812399997489152,1,0,0,non-rumour
552814627399012352,1,0,0,non-rumour
552816288935202817,1,0,0,non-rumour
552818301530025984,1,0,0,non-rumour
552818309050421250,1,0,0,non-rumour
552819474320359425,1,0,0,non-rumour
552820025409941506,1,0,0,non-rumour
552820150345297921,1,0,0,non-rumour
552823691500072960,1,0,0,non-rumour
552823984358977536,1,0,0,non-rumour
552826524467216385,1,0,0,non-rumour
552827757164371968,1,0,0,non-rumour
552832996676730881,1,0,0,non-rumour
552837016350912512,1,0,0,non-rumour
552837168482492416,1,0,0,non-rumour
552838105422913538,1,0,0,non-rumour
552839289919533056,1,0,0,non-rumour
552839936521830401,1,0,0,non-rumour
552840728116994049,1,0,0,non-rumour
552843236797349889,1,0,0,non-rumour
552846565950627840,1,0,0,non-rumour
552846698524184576,1,0,0,non-rumour
552846905819291649,1,0,0,non-rumour
552847959864274944,1,0,0,non-rumour
553109369886633984,1,0,0,non-rumour
553113944219320320,1,0,0,non-rumour
553124783043649537,1,0,0,non-rumour
553126517027262465,1,0,0,non-rumour
553136053112950785,1,0,0,non-rumour
553137068688543744,1,0,0,non-rumour
553139515171557376,1,0,0,non-rumour
553146117685522433,1,0,0,non-rumour
553151691512492033,1,0,0,non-rumour
553152208691539968,1,0,0,non-rumour
553177465883873280,1,0,0,non-rumour
553187990953295872,1,0,0,non-rumour
553195969282867202,1,0,0,non-rumour
553200047417196544,1,0,0,non-rumour
553214576956043264,1,0,0,non-rumour
553230661012975618,1,0,0,non-rumour
553231607449276416,1,0,0,non-rumour
553232137931849728,1,0,0,non-rumour
553235271169638400,1,0,0,non-rumour
553464709899616257,1,0,0,non-rumour
553483906096185345,1,0,0,non-rumour
553489907524829184,1,0,0,non-rumour
553497835371757568,1,0,0,non-rumour
553503995872808961,1,0,0,non-rumour
553505458162782208,1,0,0,non-rumour
553506091389440000,1,0,0,non-rumour
553526191399776257,1,0,0,non-rumour
553539252374757376,1,0,0,non-rumour
553541197491634176,1,0,0,non-rumour
553542093683974144,1,0,0,non-rumour
553547629963911170,1,0,0,non-rumour
553551282967830528,1,0,0,non-rumour
553569060882235392,1,0,0,non-rumour
553573066455134208,1,0,0,non-rumour
553573633395015680,1,0,0,non-rumour
553578566563426305,1,0,0,non-rumour
553589345186111488,1,0,0,non-rumour
553590746637668352,1,0,0,non-rumour
553590946970206208,1,0,0,non-rumour
552790082533752832,1,0,0,true-rumour
552804668951511041,1,0,0,true-rumour
552956517197303810,1,0,0,unverified
553176411541098499,1,0,0,false-rumour
553473550523580416,1,0,0,false-rumour
553479315711864832,1,0,0,true-rumour
553533607126388737,1,0,0,unverified
553587511839444994,1,0,0,true-rumour
553587511864598529,1,0,0,true-rumour
553588340432572416,1,0,0,true-rumour
553589720480235522,1,0,0,true-rumour