tree_id,num_tweets,max_links,max_out_degree
552806610490646528,346,13,13
552797154692300800,301,6,5
553174338380517376,205,17,16
552993818816299008,178,7,6
552793552376569857,171,10,10
553514329166061568,164,10,10
553480876315901953,147,15,15
553100203239428097,141,6,6
552792271243210754,134,11,10
552848590373392384,132,15,15
552821977061556225,126,12,12
553479280014151681,110,8,8
552787361437057024,109,14,14
552846811359350788,106,10,10
552805488631758849,106,12,12
552808071387701248,106,13,13
552795773180858368,103,9,9
553210306877739008,100,7,6
552822330141851649,98,11,10
552837907174948864,98,5,4
553143905039159297,98,6,5
552812984343330816,96,9,8
552820842544246784,96,7,7
553112060788473856,96,8,8
553542784800792577,94,13,13
552802099331735552,93,7,7
552849865680494595,92,6,6
552829096816693248,91,8,7
552817293969739778,85,16,15
552834229722038273,85,7,6
553111157738057728,84,7,7
553209912550240256,84,6,5
552819936343883776,83,12,11
552979466050613248,83,11,11
553189840913989633,82,11,11
552815712327454720,81,10,10
553223882128490496,81,4,4
553200769671761920,79,8,8
552985855854661633,78,13,13
553224402012078081,77,10,10
552829734502297600,76,6,5
553128245420257280,74,12,12
553204986474422273,74,10,10
552819649599897601,73,10,10
553177099843149824,70,8,7
553506337121107968,70,11,11
552834842837409793,68,16,16
552807904597008385,66,6,6
552848478196736000,66,17,17
552801979861598208,65,11,11
552815122897727488,65,10,9
553531783992868864,61,10,10
552788886355996672,61,10,10
552812475134275584,59,13,13
552849157694947328,59,9,8
553180236591169536,59,8,8
553486601146617856,58,9,9
553542565593878528,58,11,11
552838287929663489,57,10,10
553185404657352704,57,11,11
553189526177579008,57,17,17
553200085132009475,57,16,16
552810032765497345,56,9,9
552845711289909248,56,7,6
553234578086055937,55,7,7
552814566594576386,54,9,9
552823108537954306,54,11,11
553162401940770816,54,9,8
553205492458475520,54,16,16
553216451780554752,54,8,8
552819155859431424,53,5,5
552821810224304128,53,7,7
552823933381394432,53,5,5
552851679905734657,53,15,15
553555156391186432,53,10,10
552831515940634624,52,8,8
553110783761338368,52,16,16
552845136414380032,52,5,4
553133704881917952,52,19,19
553214700155330560,51,15,15
553496489641902080,51,18,18
552805050620604418,50,19,18
552811319079227393,50,13,13
552843174218321921,50,8,8
552845868932800512,50,13,13
553214219899117568,50,8,8
552833681111658496,49,7,7
553105460887572480,49,7,7
553111553235361792,49,5,4
553215383256432640,48,12,12
553574709669814272,48,12,12
552984916070531072,48,8,8
553529196216344576,48,8,8
552804301316579330,47,13,13
552831107985858560,47,9,9
552844104418091008,47,15,15
553181899662049281,47,6,5
553215523602046976,47,16,16
552811606640721921,46,13,13
552812140479148032,46,10,10
552821437678223361,46,9,9
552825236715208707,46,13,13
553136990787342336,46,6,6
553485654030446592,45,9,9
553555948883959809,45,6,5
553141087725170688,45,6,5
552808487924011008,44,7,7
553117423906590720,44,7,7
553196035133440000,44,10,10
553479401296625664,44,11,11
553586305272389632,44,6,5
553588494661337089,44,15,15
552812811651272705,43,11,11
552841562963464195,43,7,7
552842814061424640,43,18,17
553165538499641344,43,10,10
552814770542628865,42,10,9
552829396265230336,42,13,13
552830781656428544,42,13,12
552837499937378305,42,9,9
552849797892542464,42,10,9
552850925510225920,42,13,13
553164185006534656,42,7,7
553205261847236608,42,6,5
553586275438301184,42,6,5
552806077755326464,41,12,12
552821030117711872,41,10,10
552828811344359425,41,10,9
553181386069143552,41,13,13
553226624976420864,41,12,12
552784600502915072,40,8,8
552834640692912128,40,5,4
552842642216988672,40,5,5
552848653980033025,40,14,14
552806309540528128,40,13,13
553199664720543744,39,12,12
553492305521672192,39,12,12
553534934447824896,39,13,12
553543319423553537,39,15,15
553562446456422402,39,9,9
553590961486696448,39,17,17
552813461953323008,39,10,10
552821287933202435,39,10,10
553474514496278528,39,6,6
552801028262096896,38,9,9
552981889619722241,38,7,7
553166766977740801,38,9,9
553491517462315008,38,4,4
553538559609942017,38,8,8
553554032745525249,38,11,11
552991544731774976,38,14,14
552805450350362625,37,16,16
552829176018112513,37,16,16
552836695754678273,37,11,11
552841185199263745,37,8,8
553125301090525185,37,9,9
553148900811759617,37,17,17
553153190859141120,37,8,8
553470907629707266,37,8,8
553567076728963073,37,17,17
553136845589319680,37,11,11
552807874192482305,36,5,5
552822887988883457,36,11,11
553113509152952321,36,8,8
553209917944131585,36,5,4
553213740137467907,36,11,11
553219651594125312,36,12,12
553229177055219713,36,10,10
553478014785187840,36,15,15
553532507623546881,36,17,17
553586421626568704,36,15,15
552982443511144448,36,12,12
553493707472011264,36,19,19
553501773517033472,36,13,13
552796522904297472,35,15,15
552817711617552385,35,10,10
552825459546030080,35,5,5
553162459885096962,35,12,12
553221281181859841,35,12,12
553570681619640320,35,15,15
553586510260629505,35,12,12
553587013409325058,35,19,19
552801724898226176,34,10,9
552818685526933505,34,6,5
552825083941879808,34,12,12
552851629624803328,34,12,12
552985389523148802,34,6,6
553160244847984640,34,9,8
553227288859664384,34,16,16
552804810463117312,33,5,5
552815293349650433,33,14,14
552838479844216833,33,12,12
553153731471364096,33,9,9
553193480319942656,33,9,9
553463773844238337,33,17,17
553469263650906112,33,14,14
553539373707186176,33,6,6
552789521646247936,33,11,11
552801829290270720,33,5,4
553557308937363458,33,18,18
552807598966059008,32,16,16
552812020295532544,32,8,8
552818334643658752,32,9,9
552823014866563072,32,18,18
552824742097719296,32,16,15
552829637215408128,32,15,15
552836586191474689,32,14,14
552838324977545216,32,12,12
553153073481535489,32,9,9
553181997041217537,32,5,5
553201549997277185,32,5,5
553223681409703937,32,8,8
552837132491186179,32,20,19
553561170637238272,32,17,17
552785391653494784,31,7,6
552811735183552512,31,5,5
552821730100924417,31,12,12
552847218403581953,31,13,13
552847230693310466,31,10,10
552847548776742914,31,17,17
553148970651107329,31,12,12
553166152344829952,31,16,16
553212333867012096,31,15,15
553532452472238080,31,14,14
553547637832843264,31,16,16
553591049541914624,31,14,14
553540617540624385,31,7,7
552791332935434242,30,13,13
552802011733716992,30,9,9
552816062593761280,30,17,16
552817205982019584,30,8,7
552825303341740032,30,10,10
552828573896413185,30,14,14
552831842232324097,30,5,5
552837644959621120,30,7,7
553132714446950400,30,15,15
553180005514366976,30,8,8
553186026811039745,30,13,12
553468593141469184,30,13,13
553489837542899712,30,8,8
553496697918468096,30,14,13
553527807771308034,30,14,14
553558824720666628,30,16,16
552820736490889216,30,12,12
553469523945590784,30,8,8
552797729504886784,29,10,10
552798640679702528,29,6,5
552800070199148544,29,6,6
552818922798727168,29,12,12
552834559297867778,29,15,15
552841477819473920,29,13,12
552847905498103808,29,18,18
552979420227842048,29,9,9
553145759961714688,29,10,10
553173501369389056,29,17,17
553188974811185152,29,10,10
553194632520421376,29,18,18
553563780928770048,29,5,5
553587542067773440,29,13,13
553591518619893760,29,8,8
552802606696136705,29,14,14
553017543330648064,29,12,12
553184482241814530,29,19,19
553559793940447234,29,6,6
552796619104866304,28,12,12
552803792618799106,28,17,17
552805175874686977,28,4,4
552825664307744769,28,11,11
552828872379875328,28,4,4
552831460236099586,28,6,6
552840805678084096,28,17,17
552844436460560384,28,14,14
552846337746952194,28,8,8
553204399439642624,28,15,15
553537648938086403,28,3,3
553563356339384322,28,17,17
553582812964876288,28,18,18
552788945017516032,28,9,9
553484365012148225,28,15,15
553587672137334785,28,18,18
552800290861510656,27,16,16
552810477940932609,27,11,11
552814280471367680,27,15,15
552815682241691648,27,17,17
552819316702199811,27,12,12
552825844755083265,27,18,17
552844023996907520,27,5,5
552851189675470849,27,11,11
553105208008773632,27,12,12
553119235904643072,27,10,10
553133048611753984,27,18,18
553192373728342016,27,10,10
553218599390040065,27,14,14
553484619426062336,27,10,10
553487625815064576,27,11,11
553556728651210753,27,16,16
553566200098488320,27,6,5
552793551231541249,27,16,16
553589121776898048,27,19,19
552791719272775680,26,16,16
552804454773567488,26,5,5
552805830677258240,26,14,14
552817675408523264,26,13,13
552822604206460928,26,17,17
552832177138696192,26,16,16
552838171323817984,26,16,16
552839518974660608,26,11,11
552982124274647042,26,14,14
552985297307598848,26,4,3
553106334607228928,26,13,13
553117623568068608,26,10,9
553128325217275905,26,7,7
553145755079569408,26,13,13
553161912968417280,26,12,12
553163210715844608,26,15,15
553465105028222976,26,14,14
553555848794877952,26,6,6
553560488056225792,26,4,3
553567716414484481,26,15,15
553575302392455169,26,13,13
553591736598269952,26,12,12
552809418417790976,26,16,16
553184643055644674,26,12,12
553513403512532992,26,18,18
553579224402235393,26,11,11
552805169206157312,25,6,6
552810124776308736,25,6,6
552811254667288576,25,8,8
552816689386373121,25,8,8
552819064301961216,25,12,12
552819350504493057,25,12,12
552821810572439553,25,19,19
552822783311630336,25,16,16
552832169496694786,25,12,12
552833148128862208,25,17,17
552837027616804864,25,17,17
552842236883652609,25,17,17
552845191003250688,25,14,14
552847488571678720,25,15,15
553144964168036352,25,16,16
553145422097969152,25,13,12
553148844574511104,25,17,17
553157600704204800,25,18,18
553157744061325312,25,7,7
553159810179661826,25,15,15
553170912129056770,25,16,16
553190655011205120,25,7,7
553190729447919616,25,16,16
553213361350262784,25,14,14
553222727700865025,25,16,16
553480257747963905,25,16,16
553514505633017856,25,4,4
553526283033133056,25,3,2
553538304332017665,25,18,18
553566870750908418,25,14,14
553573166116012032,25,10,10
552790824971677696,25,14,14
552794157484634112,25,4,4
552798654495354880,25,14,14
553186555150749696,25,12,12
553487971497041920,25,16,16
553493785523400704,25,18,18
553535467065712640,25,17,17
552787321561812992,24,17,17
552791831390732289,24,19,19
552795778922864640,24,7,7
552802098602319873,24,19,19
552812775907422209,24,7,7
552813590919778304,24,17,17
552815443959091200,24,7,7
552816561514635264,24,11,11
552818870281850881,24,14,14
552829217134505985,24,5,5
552829971631472640,24,15,15
552835221859483649,24,12,12
552837012689264640,24,17,17
552845393541988352,24,16,16
552845671477153793,24,15,15
552982908865368064,24,7,7
553100996855885824,24,10,10
553109813807575040,24,17,17
553131554743287808,24,15,15
553141935482093568,24,15,15
553142344166301696,24,9,9
553168698677030913,24,19,19
553196930768330753,24,15,15
553215634864345088,24,15,15
553215929107382275,24,7,7
553229808260632578,24,17,17
553231667523883009,24,11,11
553506946054369280,24,17,17
553530513580118016,24,10,10
553531802347122689,24,15,15
553545000110538753,24,6,6
553553331671408641,24,8,8
553573875528007680,24,16,16
553582039106990080,24,19,19
553582301003931648,24,17,17
553583108105441281,24,12,12
553590427216248832,24,17,17
552983615747796994,24,18,18
553185370108878849,24,9,9
553197863971610624,24,15,15
553503184174710784,24,18,18
553531343834202112,24,18,18
553546063752478722,24,18,18
553549686129561600,24,9,9
553576849943826432,24,19,19
553587167394791424,24,16,16
553587225901154304,24,14,14
553590721207615488,24,18,18
552797148975464448,23,17,17
552804962158514176,23,12,12
552805069956329472,23,10,10
552806932176977920,23,5,5
552811408094945280,23,18,18
552820930419109888,23,15,15
552824320389435392,23,19,19
552826270866616320,23,13,13
552826443965927425,23,15,15
552829571750715392,23,17,17
552833268362772481,23,11,11
552838134627860480,23,9,9
552841043423805440,23,17,17
552841460681572352,23,9,9
552842342143905794,23,11,11
552844643097120768,23,5,5
552845840247971842,23,17,17
553098799380717568,23,7,7
553107939926736896,23,18,18
553111820786204672,23,16,16
553120849231089664,23,17,17
553135802495270913,23,19,19
553147368913506304,23,14,14
553148926459920386,23,9,9
553159773555023872,23,19,19
553170984824733698,23,16,16
553178273895956480,23,12,12
553188214522249217,23,19,19
553191800408911872,23,19,19
553196453938855937,23,17,17
553206096131670016,23,10,10
553209983845023745,23,18,18
553220369721483266,23,19,19
553227220765130752,23,17,17
553228535511650305,23,13,13
553228537084116993,23,14,14
553480900869361664,23,16,16
553508524320653312,23,12,12
553516364879904768,23,17,17
553522808417157120,23,9,9
553528740618436610,23,19,19
553539504146231298,23,17,17
553547659404148736,23,14,14
553550888770740224,23,18,18
553566829273423872,23,10,10
553589610014867456,23,14,14
553590072373968897,23,19,19
553590881371320323,23,16,16
552784882687299584,23,16,16
552791196247269378,23,17,17
552816302780579840,23,14,14
552817965813739520,23,18,18
553473416905629696,23,7,6
553495137314435072,23,15,15
553506608203169792,23,18,18
553543369604210689,23,7,7
553548567420628992,23,9,9
553558385048944640,23,16,16
552794286849536001,22,18,18
552804491821854720,22,10,10
552805799106732032,22,15,15
552815332931665921,22,14,14
552817785949396992,22,13,13
552822566726164481,22,6,6
552824163841638400,22,10,10
552827117663436801,22,16,16
552827133500719104,22,19,19
552829129356496896,22,15,15
552829395690201088,22,17,17
552834501383290880,22,19,19
552834732325879809,22,10,10
552837268160135169,22,18,17
552839869387399168,22,10,10
552845542536261634,22,18,18
552847370489430017,22,7,7
552849662991151104,22,15,15
552851421155299328,22,6,6
552978435090681856,22,12,12
552981531023921153,22,17,17
552984231748829184,22,15,15
553106200242700289,22,16,16
553127546129117184,22,10,10
553129811850559488,22,15,15
553131763468603392,22,17,17
553149880693456896,22,18,18
553152515701612544,22,16,16
553157114156560385,22,17,17
553171841913602048,22,13,13
553172148085620738,22,15,15
553187959835725824,22,4,4
553192641328734208,22,13,13
553193210269298688,22,17,17
553198107278987264,22,13,13
553200726403710976,22,17,17
553205427253829632,22,17,17
553214726629781505,22,16,16
553214783647145984,22,19,19
553215879979085829,22,8,8
553219195056693249,22,6,6
553227238829981698,22,17,17
553476288103477249,22,15,15
553509146730176513,22,16,16
553535468290453504,22,12,12
553537551114706945,22,17,17
553545384069328896,22,7,7
553551279620755458,22,5,5
553551435762503681,22,14,14
553555207410700289,22,16,16
553573432554979328,22,10,10
553578243173781505,22,14,14
553585840270876672,22,19,19
553589970775343104,22,18,18
553590880352088064,22,16,16
553591093498224640,22,17,17
553592040374947840,22,9,9
552799062421164032,22,9,9
552821069036670976,22,15,15
552834461478715392,22,16,16
553139203320860672,22,11,11
553152395371630592,22,18,18
553478677359775744,22,16,16
553503546382249984,22,19,19
553503909692841984,22,9,9
553553288625672192,22,7,7
553587303172833280,22,17,17
553588374280601600,22,19,19
552791203432103937,21,7,7
552793409438904321,21,13,13
552794995942772736,21,7,7
552796506642591744,21,6,5
552801894092275712,21,11,11
552804328319504384,21,18,18
552806056154644480,21,10,10
552810625873633280,21,14,14
552811354323963904,21,13,13
552818799095730176,21,19,19
552821573946982401,21,13,13
552827164677373952,21,16,16
552829011983089664,21,17,17
552833527444566016,21,16,16
552837599304622080,21,15,15
552838559393013760,21,15,15
552839843999645697,21,17,17
552840964025626624,21,18,18
552842983247466497,21,18,18
552845654637436928,21,15,15
552850533523136513,21,16,16
552980632432050177,21,18,18
552982635178635265,21,13,13
553096978788515840,21,13,13
553108170726719488,21,6,6
553109319764291584,21,17,17
553114307383541761,21,17,17
553115396006764544,21,16,16
553116149333114880,21,18,18
553122359398260736,21,17,17
553127086706397185,21,12,12
553135106609922049,21,19,19
553137557601812480,21,10,10
553143179038715904,21,8,8
553151700950065152,21,10,10
553156573607251968,21,9,9
553157384714342400,21,14,14
553169622762262529,21,14,14
553175451506855936,21,15,15
553187282295877632,21,8,8
553193866057506817,21,18,18
553197197618339841,21,9,9
553209843939831809,21,10,10
553213326277500929,21,19,19
553216874130206721,21,19,19
553220054184382465,21,14,14
553224082213601280,21,17,17
553229592480481281,21,17,17
553229956830875650,21,15,15
553230256992423936,21,8,8
553481963864993792,21,14,14
553497730476015617,21,19,19
553517380995792896,21,7,6
553533193899368448,21,18,18
553539631149756416,21,18,18
553540719714271233,21,14,14
553541838494515200,21,12,12
553543144172969984,21,10,10
553545386082979841,21,16,16
553546551709409280,21,14,14
553550030553243650,21,11,11
553555389611274240,21,9,9
553561169923829760,21,14,14
553579715014172673,21,12,12
553584292090359808,21,15,15
553588889084891136,21,18,18
553591411602640896,21,10,10
553591494255210497,21,15,15
553591980748734464,21,13,13
552786099899494400,21,17,17
552791578893619200,21,17,17
552810804186460161,21,17,17
552817345887207425,21,15,15
552838551071911936,21,15,15
552979279039197186,21,14,14
553102901619748864,21,6,6
553110339236409346,21,11,11
553198972287082497,21,18,18
553469733656203264,21,19,19
553475824369012736,21,4,4
553501357156876290,21,14,14
553518472798683136,21,19,19
553528788383191040,21,18,18
553529796601585664,21,12,12
553535441828605953,21,19,19
553555979238129664,21,12,12
553557753558757376,21,15,15
553580959661309952,21,15,15
553588993993232384,21,19,19
553590835850514433,21,16,16
553591259672379392,21,19,19
552789443644751872,20,15,15
552796625467621376,20,15,15
552799100715167744,20,8,8
552805638024077312,20,18,18
552807101442322432,20,16,16
552807328287064065,20,15,15
552808658510561280,20,7,7
552810855503757313,20,18,18
552810884029222912,20,15,15
552811533303296001,20,18,18
552812572731527168,20,12,12
552812951208722432,20,11,11
552815387759616000,20,14,14
552816497740251136,20,11,11
552816686752358401,20,18,18
552817367995002880,20,19,19
552821862850637825,20,19,19
552822043490938881,20,19,19
552822544341139458,20,10,10
552822873773993984,20,10,10
552822944603582464,20,19,19
552824462958395392,20,19,19
552825512708808704,20,19,19
552826580741795840,20,12,12
552827349667176448,20,14,14
552829046485434368,20,17,17
552829481962835969,20,17,17
552830151650967552,20,16,16
552832584045330432,20,14,14
552833197084778496,20,12,12
552833662593400833,20,18,18
552834182905221121,20,19,19
552834481183539201,20,7,6
552834558706847745,20,8,8
552835209285337089,20,19,19
552835854750605313,20,18,18
552835988540895232,20,10,10
552836100814032896,20,15,15
552836829234614272,20,11,11
552836854085459968,20,12,12
552837035732381696,20,17,17
552837310707171328,20,17,17
552837775498964992,20,14,14
552838341843226624,20,16,16
552839800433410049,20,12,12
552840155728736256,20,16,16
552840606074953728,20,17,17
552841049467400192,20,16,16
552842761565904896,20,15,15
552844100224172034,20,11,11
552844311096983552,20,18,18
552844593046097920,20,15,15
552845028130037760,20,17,17
552846544320618496,20,14,14
552846874432909312,20,17,17
552846886626164736,20,19,19
552849248182865920,20,16,16
552850282410176512,20,5,4
552851305023414272,20,16,16
552851546384646145,20,14,14
552851710880653312,20,16,16
552851772658561028,20,18,18
552978225094078464,20,18,18
552979571021447168,20,19,19
552981008518500353,20,19,19
552981296839131136,20,9,9
553099800951136256,20,12,12
553105121526427649,20,15,15
553115341338198016,20,14,14
553121581187485696,20,19,19
553124985137815552,20,19,19
553126044375732224,20,16,16
553126517187047424,20,17,17
553127508150071297,20,17,17
553131791553667072,20,17,17
553133340795363328,20,4,4
553137476135432194,20,15,15
553144428584398850,20,12,12
553146248652681217,20,14,14
553147034707165185,20,16,16
553151980928262144,20,11,11
553152400832606208,20,14,14
553152675014246400,20,14,14
553157857215262721,20,19,19
553162589744926720,20,17,17
553164303650799616,20,18,18
553173654121742336,20,13,13
553174789561389056,20,19,19
553181902543126529,20,6,6
553183067670843392,20,19,19
553185716218650624,20,16,16
553185825065009153,20,14,14
553189165509394432,20,14,14
553195806899970048,20,17,17
553197212726218752,20,19,19
553198268436344832,20,16,16
553200573387124736,20,17,17
553205115830951936,20,18,18
553205372719472640,20,16,16
553210869010935808,20,11,11
553215305917665280,20,19,19
553215658784456705,20,18,18
553220172925132800,20,16,16
553221293298819074,20,18,18
553226143307161600,20,6,5
553229948153262081,20,16,16
553232704708546561,20,18,18
553462249562832897,20,19,19
553480333954678784,20,9,9
553490241445965824,20,19,19
553491604917334016,20,18,18
553493300242432000,20,15,15
553498106588049408,20,15,15
553500932521336832,20,14,14
553503846258196480,20,15,15
553511279235964928,20,15,15
553515827073261568,20,17,17
553526776878469121,20,12,12
553535765997969408,20,18,18
553537280343031808,20,19,19
553537460920389633,20,11,11
553538939076624384,20,18,18
553540934118694912,20,17,17
553542516772175873,20,17,17
553543939517874176,20,15,15
553546292748898304,20,19,19
553548440563908611,20,17,17
553548487225532416,20,15,15
553553966970044416,20,19,19
553555293645590528,20,19,19
553555705945288704,20,14,14
553562348376850433,20,19,19
553562832001048576,20,18,18
553563750230683650,20,15,15
553566644006817792,20,13,13
553570370192949248,20,15,15
553570916907511809,20,16,16
553572111441465344,20,15,15
553574522972958721,20,8,8
553574650450825216,20,18,18
553581897792913408,20,17,17
553584173420920833,20,19,19
553584366803488770,20,18,18
553587546614427649,20,16,16
553590273952215040,20,9,9
553591315515310081,20,12,12
553591526937600001,20,18,18
553591758899412993,20,16,16
553592108699758592,20,18,18
552790742700417024,20,14,14
552790838015979520,20,18,18
552797406094716929,20,15,15
552806937470201856,20,14,14
552807027781947393,20,15,15
552807834434699264,20,14,14
552985611070881792,20,18,18
553099685888790528,20,6,6
553115168084074497,20,13,13
553136565296582657,20,11,11
553137849663361024,20,17,17
553233728030650368,20,15,15
553461741917863936,20,17,17
553491540535156736,20,17,17
553495922639122432,20,16,16
553502446769942528,20,19,19
553508098825261056,20,10,10
553536236493615104,20,11,11
553536603998945280,20,17,17
553536887349325825,20,17,17
553538058440941568,20,17,17
553544419602104320,20,17,17
553547270264979456,20,18,18
553550301886955520,20,18,18
553551225560764416,20,16,16
553554835203956736,20,16,16
553555600911925249,20,11,11
553556643456507904,20,12,12
553556844665659392,20,18,18
553563668169125889,20,13,13
553573365798416385,20,18,18
553574501964079104,20,18,18
553578029751226369,20,16,16
553585504093224962,20,14,14
553586860334010368,20,19,19
553589606307090432,20,19,19
553590459688570880,20,19,19
553590653784195072,20,14,14
552798310889566209,19,4,3
552822314157768704,19,15,15
552828504060874752,19,17,17
552829031075553281,19,15,15
552832142397296641,19,10,10
552832738542514176,19,16,16
552833236389199874,19,10,10
552833393734721537,19,8,8
552836392678465537,19,16,16
552836775191019520,19,13,13
552836898562265088,19,18,18
552837078854410241,19,18,18
552843285468020736,19,13,13
552980557836337152,19,6,6
552981694979248128,19,15,15
553136237083889664,19,13,13
553140461540343808,19,9,9
553148984509100032,19,11,11
553162815402672128,19,14,14
553171741804359680,19,18,18
553174353735872512,19,17,17
553175336926449664,19,18,18
553177082566836225,19,10,10
553182889379397632,19,14,14
553184082277187585,19,16,16
553195808930410496,19,6,6
553196263064498176,19,13,13
553211397782654976,19,7,6
553219047048105985,19,9,9
553227906449960961,19,18,18
553233414145310720,19,10,10
553487579077550082,19,15,15
553532736187924480,19,18,18
553537322218553344,19,11,11
553542337553764352,19,13,13
553542628097019904,19,7,7
553555593034596352,19,16,16
553559095798931456,19,15,15
553560769246539776,19,17,17
553578250186665984,19,16,16
553583670343524352,19,18,18
553586940856242178,19,15,15
553587352086384640,19,15,15
553590751888961536,19,15,15
552810448324943872,19,17,17
552811386259386370,19,18,18
552831881847533568,19,16,16
552833028201144320,19,17,17
553176929411825664,19,15,15
553500238246608896,19,17,17
553505371290357761,19,12,12
553529101659566080,19,18,18
553531695480463360,19,17,17
553535430788780032,19,14,14
553541676229472256,19,18,18
552786340958715904,18,12,12
552789252690706432,18,13,13
552793759210307584,18,3,2
552802117908697088,18,9,9
552808242276229120,18,17,17
552816933851394048,18,8,8
552820331204055041,18,13,13
552821050145513472,18,14,14
552821659103940608,18,13,13
552823301899575296,18,16,16
552823427862908928,18,11,11
552824456557887488,18,11,11
552833795142209536,18,10,10
552836844560609281,18,16,16
552837147305455616,18,14,14
552838203078873089,18,17,17
552847627319259137,18,13,13
552850379453366272,18,17,17
552850514132873217,18,15,15
552978642968780800,18,15,15
552982813671043072,18,15,15
553099479381848064,18,15,15
553149347777753088,18,16,16
553151201253294080,18,17,17
553163190138580992,18,15,15
553163722378977282,18,16,16
553175714128990208,18,16,16
553186457121472512,18,16,16
553194417239363584,18,15,15
553209341520535552,18,16,16
553215362058440704,18,10,10
553488850363101184,18,17,17
553490160344502273,18,13,13
553535642848989184,18,14,14
553539778088816641,18,17,17
553540580912156672,18,14,14
553540872986705920,18,17,17
553544039241224194,18,17,17
553569333150896129,18,11,11
553580499395174400,18,16,16
553582251616010240,18,10,10
553588326578417664,18,12,12
553591055833382913,18,15,15
552792544132997121,18,5,4
552800045096259584,18,12,12
552805267990413312,18,17,17
552807528070131712,18,13,13
552808282398924800,18,8,8
552834961762709505,18,12,12
553541776854634496,18,14,14
553554585634496512,18,6,6
553588946039746560,18,11,11
552807054268956673,17,14,14
552814213081866240,17,14,14
552814460193476609,17,10,10
552816010752167936,17,11,11
552816590463315968,17,15,15
552820575752974336,17,15,15
552821570423771136,17,15,15
552822718115373057,17,16,16
552827553493565441,17,14,14
552827819521085441,17,12,12
552833483325059072,17,13,13
552835339325558785,17,10,10
552836985493409792,17,15,15
552842614555545600,17,14,14
552982560146726912,17,15,15
552985339011153920,17,15,15
553098796108750848,17,16,16
553101858013581313,17,11,11
553106714682462209,17,13,13
553118212813246464,17,15,15
553127632947396609,17,11,11
553171056589279233,17,16,16
553178341596233728,17,8,8
553186670871597056,17,16,16
553196571194851328,17,14,14
553196953480495105,17,11,11
553206989925658624,17,8,8
553227389061582848,17,14,14
553234456522522624,17,7,7
552784526955806720,17,10,10
552978476605923328,17,12,12
553470382129565696,17,15,15
553476471470432256,17,15,15
553485452943302656,17,16,16
553540739058376704,17,12,12
553545906155712512,17,14,14
553547836517007360,17,15,15
553576010898497536,17,12,12
552791678881660928,16,14,14
552794514424102913,16,12,12
552797828977029120,16,13,13
552805956619628544,16,14,14
552805970536333314,16,15,15
552813155572006912,16,12,12
552817783910961152,16,12,12
552824383816073216,16,15,15
552830862585503746,16,10,10
552839190921351168,16,13,13
552845267289247744,16,10,10
552847427410341890,16,14,14
552848653132767232,16,13,13
552980862774808577,16,5,5
552984511051751425,16,13,13
553102562665050112,16,12,12
553113395487330304,16,15,15
553113938091462656,16,9,9
553123958602862593,16,15,15
553140613051215873,16,15,15
553145859089920000,16,5,5
553147341470203906,16,12,12
553151749008424960,16,14,14
553158824979619840,16,15,15
553163344577064960,16,13,13
553164722380742656,16,15,15
553172609211596800,16,14,14
553177822312013825,16,13,13
553218001181605889,16,11,11
553218281705066496,16,14,14
553222038379180032,16,10,10
553233130275221504,16,12,12
553491005971132416,16,13,13
553542245966958592,16,13,13
553568095978401793,16,12,12
553571541578174465,16,6,6
552792988376915969,16,15,15
552793679082311680,16,8,7
552796091255894016,16,14,14
552829386773516290,16,13,13
552848620375261184,16,14,14
552996335319007233,16,5,5
553118198741356544,16,9,9
553484780093050880,16,9,9
553502180666531840,16,9,9
553536269972942849,16,10,10
553588012752568321,16,14,14
553589055116836864,16,15,15
552788007603142656,15,11,11
552789583260577792,15,13,13
552790695036321793,15,8,8
552811438994378754,15,8,8
552813988644659200,15,14,14
552814382338826240,15,4,4
552815017402589184,15,12,12
552816539175763969,15,13,13
552818300041052160,15,14,14
552824162969210880,15,12,12
552825211654246401,15,13,13
552825402872590336,15,8,7
552830433688571904,15,11,11
552830521340723200,15,13,13
552830850279424001,15,14,14
552831266945794048,15,9,9
552831524002103297,15,11,11
552832291601674240,15,12,12
552837655105658880,15,12,12
552840037642297345,15,12,12
552842580929826816,15,9,9
553112230292496384,15,8,8
553131566172737536,15,10,10
553145130354765824,15,14,14
553161458931236864,15,7,7
553177321218514944,15,14,14
553182566564757504,15,9,9
553194557316542465,15,10,10
553208762291339265,15,9,9
553227258782306304,15,12,12
553512076304728064,15,7,7
553519997956669440,15,6,6
553583376398319617,15,14,14
553590463354380288,15,14,14
553591548613386241,15,11,11
553591679341842432,15,14,14
552786016906383360,15,8,8
552797638807281664,15,5,5
552803839490150400,15,13,13
553104503520890880,15,5,4
553121732387946496,15,12,12
553164985460068352,15,14,14
553476880339599360,15,4,4
553486796534054912,15,14,14
553505242554175489,15,13,13
553544252563935234,15,14,14
553544694765215745,15,14,14
553588053348843520,15,7,7
552787144373460992,14,10,10
552804784819154944,14,4,4
552808135006887937,14,10,10
552809902956367872,14,11,11
552810287695659009,14,13,13
552812040926941185,14,7,7
552812098057936896,14,13,13
552813420136128513,14,5,5
552817918220984320,14,8,8
552818988468944897,14,12,12
552825783337897984,14,4,3
552831197420994560,14,10,10
552841287670308865,14,9,9
552845250268766209,14,10,10
552850603714826241,14,10,10
552983656231628800,14,12,12
552983966932688897,14,10,10
553108242856177664,14,12,12
553120696910364673,14,13,13
553145137086607360,14,12,12
553145603665186816,14,11,11
553151506556653568,14,13,13
553166907596365824,14,7,7
553171877464920064,14,10,10
553184390260338688,14,5,5
553189490521812992,14,7,7
553203538579701760,14,13,13
553210080829906945,14,10,10
553216460164968449,14,13,13
553224215676354560,14,12,12
553232531827740672,14,11,11
553473559352606720,14,8,8
553501469388058626,14,11,11
553502749498036224,14,10,10
553520399300833280,14,7,7
553525347266740226,14,11,11
553535227214438400,14,12,12
553542282100871168,14,13,13
553544566042009600,14,6,5
553549680538578944,14,11,11
553551148280729602,14,13,13
553575450329378816,14,11,11
553586523338440704,14,12,12
552784168849907712,14,3,3
552786818853113857,14,12,12
552790371848040449,14,13,13
552791182670327808,14,11,11
552805596198871040,14,12,12
552812682626465792,14,8,8
552830684021424128,14,5,5
552981833189969921,14,9,9
553521417598550016,14,11,11
553531413459660800,14,12,12
553534707108155392,14,7,7
553541988490825728,14,13,13
553542442373619712,14,9,9
553558982476828674,14,8,8
552801115516186625,13,7,7
552806624046641153,13,12,12
552807832257835008,13,11,11
552810166744547328,13,12,12
552811128326475776,13,8,8
552816288612225024,13,10,10
552819986834923520,13,7,7
552822076676255744,13,11,11
552823198484819969,13,11,11
552823940440403968,13,11,11
552827008800280576,13,12,12
552827123963281408,13,5,5
552827981069291520,13,10,10
552833658017824768,13,12,12
552837190360006657,13,10,10
552839416620658688,13,12,12
552839972911611904,13,4,4
552840740007866368,13,11,11
552841006799159296,13,8,8
552849968546213888,13,12,12
552978225010184193,13,8,8
553096943455727617,13,12,12
553126072905383936,13,12,12
553135255583219712,13,6,6
553144889811402752,13,8,8
553155289235881984,13,12,12
553165231275663361,13,5,5
553174536028303360,13,11,11
553174713061892097,13,11,11
553184451774402560,13,6,6
553226479904231424,13,12,12
553473369539366912,13,12,12
553523303453696001,13,12,12
553536358950916096,13,10,10
553540131756732416,13,9,9
553545782050045952,13,9,9
553546967281061888,13,8,8
553552772277481472,13,7,7
553553112456499200,13,11,11
553566279953842176,13,9,9
553576648973377537,13,12,12
553581227165642752,13,12,12
553584782987497474,13,7,7
553591653647138816,13,10,10
553592081483321346,13,9,9
552786361758265344,13,10,10
552799640488517632,13,10,10
552806757672964097,13,11,11
552822434639126528,13,11,11
552828474814398464,13,8,8
552829580579323904,13,9,9
552984347754897409,13,10,10
553136604882014208,13,12,12
553144712920834048,13,7,7
553474188259102720,13,12,12
553475430897156096,13,12,12
553480082996879360,13,3,3
553531971457265664,13,10,10
553552293371871233,13,10,10
553575232867672064,13,10,10
553586897168392192,13,10,10
553588178687655936,13,12,12
552790565642067968,12,7,7
552800222553079809,12,11,11
552801667855695873,12,10,10
552802714816905216,12,10,10
552804769241526272,12,9,9
552815575672836096,12,4,4
552826992509599744,12,9,9
552827606715076608,12,9,9
552827848734830592,12,11,11
552828280806850561,12,10,10
552831761957523456,12,11,11
552834808121163776,12,6,6
552836204283326465,12,10,10
552838568717344769,12,10,10
552839103214288896,12,4,3
552841684485414914,12,11,11
552844893148938240,12,8,8
552849585899462659,12,11,11
552850092806258690,12,10,10
552851847581413377,12,7,7
553110780745629696,12,9,9
553117857609809920,12,11,11
553122276913471488,12,7,7
553137601457426433,12,4,4
553139285717950465,12,11,11
553149508637708288,12,11,11
553155988917075968,12,11,11
553161476928978944,12,10,10
553173371043995648,12,10,10
553174607604482048,12,10,10
553177833686589440,12,11,11
553201523577331712,12,11,11
553223992300285952,12,8,8
553226059836297216,12,9,9
553230614712033283,12,11,11
553473629854646272,12,9,9
553487356733313024,12,10,10
553491924015783936,12,11,11
553517053110657024,12,10,10
553529789794250753,12,11,11
553541601482784768,12,11,11
553543395017510912,12,7,7
553562569169199104,12,11,11
553567850301231106,12,11,11
553571432475951105,12,9,9
553585447235223552,12,11,11
553589869810028544,12,11,11
553590750701551616,12,10,10
552799317602615297,12,10,10
552801438821515264,12,11,11
552801958428700672,12,10,10
552832817089236992,12,8,8
553129559173115904,12,7,7
553141732452626432,12,9,9
553160652567498752,12,11,11
553486529231089664,12,11,11
553518024272379905,12,5,5
553535862911541248,12,9,9
553546029212389376,12,9,9
553553724548059137,12,9,9
553566026030272512,12,9,9
553572754746638337,12,11,11
553574345235103746,12,11,11
553586781355278336,12,10,10
553590529548886016,12,10,10
552786299875520512,11,8,8
552789550238801920,11,6,6
552799669521481728,11,7,7
552800223496790018,11,6,6
552802515969138688,11,9,9
552803431702749184,11,9,9
552804175310901248,11,5,5
552807013764575232,11,10,10
552811772038881280,11,9,9
552813011803836416,11,10,10
552814130827370498,11,7,7
552814845016694786,11,10,10
552817391181103104,11,9,9
552819208212717568,11,5,5
552829082388660224,11,8,8
552834996265054208,11,10,10
552846463467024384,11,7,7
552978030935941120,11,9,9
552979992603533312,11,9,9
552980714610634753,11,10,10
553097004138913792,11,9,9
553106869615472640,11,10,10
553116528074575872,11,10,10
553127274829328385,11,6,6
553127899033640960,11,10,10
553132534771744768,11,6,6
553139058827096064,11,10,10
553152831050362882,11,5,5
553159439457341442,11,10,10
553163862707818496,11,10,10
553168792017457154,11,9,9
553174247506706432,11,10,10
553175550231986177,11,10,10
553187649943384064,11,10,10
553200115079712768,11,9,9
553206304396038145,11,9,9
553208300607922177,11,6,6
553225359928213505,11,7,7
553231516290269184,11,6,6
553499806883381249,11,10,10
553546878902861825,11,8,8
553551934251343872,11,6,6
553552493561798656,11,8,8
553558611306090496,11,7,7
553560480586166272,11,7,7
553567184002502656,11,7,7
553575803733426176,11,8,8
553581501422788608,11,10,10
553589469849583616,11,10,10
553589657695715328,11,7,7
553591303582523392,11,10,10
552785367972450304,11,8,8
552785443813457921,11,10,10
552799591255384065,11,8,8
552802128688078848,11,9,9
552814494381256704,11,10,10
552821475066281984,11,10,10
552825753264717824,11,9,9
553216909022605312,11,8,8
553475729187680258,11,9,9
553478142791548928,11,10,10
553484760233017344,11,10,10
553558131369062400,11,6,6
553588913747808256,11,10,10
552784898743099392,10,8,8
552788555584765952,10,3,3
552799606833430528,10,6,6
552806890498191361,10,9,9
552807236339507200,10,9,9
552808701065953280,10,7,7
552808785329549313,10,4,4
552809336360419329,10,9,9
552816883012239360,10,3,3
552817061203050496,10,5,5
552817146166652928,10,8,8
552817151112142848,10,9,9
552821282447040513,10,9,9
552822450824962048,10,9,9
552823186966855680,10,9,9
552823829333291010,10,5,5
552826876398292992,10,8,8
552830599002857472,10,8,8
552830668607348736,10,7,7
552831974784905216,10,9,9
552832232197746688,10,4,4
552832784046108672,10,8,8
552833432540430337,10,9,9
552833941930274816,10,7,7
552836975741632514,10,6,6
552837086425128961,10,7,7
552839167575883776,10,8,8
552842042242789377,10,8,8
552842837516386304,10,9,9
552845017208061953,10,4,4
552847505763737600,10,8,8
552849116280393728,10,8,8
552850079074099201,10,6,6
552978972963643392,10,9,9
552984940900384769,10,8,8
553100279089205249,10,8,8
553100922268942336,10,9,9
553115926531674112,10,9,9
553118384540643328,10,9,9
553125364520992768,10,8,8
553134790925619201,10,9,9
553135886859534336,10,7,7
553145236268916736,10,7,7
553149253363576832,10,9,9
553151670796820480,10,9,9
553157600225677312,10,7,7
553160898399834112,10,9,9
553164381673259008,10,4,4
553165418639413248,10,9,9
553172769819852800,10,8,8
553183099610095616,10,8,8
553183420499894272,10,8,8
553186577850335232,10,9,9
553187683510812672,10,9,9
553195138156343296,10,5,5
553203041705664513,10,8,8
553209232712294401,10,9,9
553225402282692608,10,7,7
553235360722214912,10,6,6
553536532960010240,10,9,9
553553202197827584,10,8,8
553555432577708032,10,7,7
553570659805454336,10,9,9
553570818031374336,10,9,9
553581612588605440,10,6,6
553584683892871168,10,8,8
553585862987235328,10,9,9
553591317478264832,10,9,9
553592023392202752,10,8,8
552783238415265792,10,5,5
552804839886184448,10,9,9
552805619301097472,10,7,7
553184958958022657,10,9,9
553471987411324929,10,9,9
553474232596701184,10,7,7
553488054640340992,10,9,9
553502311872733184,10,9,9
553529334892609536,10,6,6
553533499643547648,10,4,4
553575984054951936,10,9,9
553589285342175232,10,9,9
552788720236376064,9,6,6
552791159232540673,9,6,6
552795953301045248,9,8,8
552797170295144449,9,5,5
552804198161854464,9,8,8
552807191775043585,9,8,8
552808461940301825,9,3,3
552810276635291649,9,6,6
552813160110252032,9,7,7
552813223360352256,9,8,8
552814216550563840,9,8,8
552817490263572480,9,7,7
552818868604129280,9,6,6
552820533507944448,9,5,5
552822739388882944,9,6,6
552822812281692160,9,8,8
552826581916594178,9,5,5
552827966950866945,9,3,3
552829306439598080,9,8,8
552830966411321344,9,8,8
552832019940376576,9,7,7
552836516775354368,9,8,8
552836968410021888,9,6,6
552837484221300736,9,8,8
552837561119686656,9,8,8
552840905213083648,9,8,8
552844167681159169,9,8,8
552848426812313600,9,8,8
552849316021551105,9,8,8
552850725467082752,9,8,8
553099050409807872,9,8,8
553113536625664000,9,5,5
553114158989074432,9,4,4
553115176057065473,9,7,7
553118438332571648,9,8,8
553129378969047043,9,6,6
553131713376047104,9,8,8
553132819237462016,9,7,7
553137713163943936,9,8,8
553140194606469121,9,8,8
553143017922912256,9,8,8
553143987377561600,9,8,8
553168646051475456,9,4,4
553180503969644544,9,8,8
553204017552457728,9,4,3
553212338728603648,9,8,8
553492417023057920,9,5,5
553509591888441344,9,8,8
553517548734791680,9,8,8
553538523266318336,9,8,8
553540381187780609,9,6,6
553540478403366912,9,8,8
553546679161745408,9,6,6
553558108866637824,9,8,8
553563889104093184,9,8,8
553569512269021184,9,7,7
553586246883475456,9,6,6
553587920398221313,9,8,8
553589330846183425,9,8,8
553591475830009857,9,8,8
552790074166108160,9,8,8
552791034447794176,9,6,6
552791065645027328,9,7,7
552792802309181440,9,6,6
552795693682032640,9,8,8
552830864187727876,9,7,7
553139825008599041,9,7,7
553167429665587200,9,7,7
553212962044149761,9,6,6
553470140042735616,9,8,8
553475269873643520,9,8,8
553477352542707712,9,8,8
553477554041257985,9,8,8
553479222434729984,9,8,8
553486439129038848,9,8,8
553489393202499584,9,8,8
553505858811080704,9,8,8
553515399438811136,9,7,7
553519375521951744,9,6,6
553535221828964352,9,8,8
553551286793416704,9,8,8
553551598954491904,9,8,8
553552825431883776,9,8,8
553561452318322688,9,6,6
553566877956734976,9,8,8
553572740125712385,9,8,8
553589051044151296,9,8,8
552791414388424704,8,4,4
552798010196107264,8,5,5
552798016646942721,8,7,7
552803413583360001,8,5,5
552808138127446016,8,5,5
552812623658762240,8,6,6
552814317096407040,8,7,7
552814983797821440,8,7,7
552815993165467649,8,6,6
552816233796894720,8,7,7
552819569103220736,8,4,4
552826238407294977,8,7,7
552827825603219456,8,4,4
552834033600966657,8,6,6
552834411553886209,8,6,6
552836913091330051,8,5,5
552837814946394112,8,7,7
552838613877411840,8,6,6
552839975843016706,8,4,4
552840067199533057,8,6,6
552846893588709376,8,7,7
552848701312737280,8,4,4
552849194944167936,8,3,3
552851838928953344,8,5,5
552982669840355329,8,4,4
552984527295873024,8,7,7
552985973445783552,8,7,7
553104721503088640,8,7,7
553108804934856704,8,7,7
553110609513177088,8,5,5
553117500410716160,8,7,7
553123078541434880,8,4,4
553145830761594880,8,6,6
553147120942084096,8,7,7
553153740925304832,8,7,7
553169577228926976,8,6,6
553176976698376192,8,7,7
553186739326812161,8,7,7
553197181151481857,8,5,5
553207216774590464,8,7,7
553207514222063618,8,5,5
553214612569456640,8,6,6
553215313807163392,8,7,7
553229626756329472,8,5,5
553483707122995201,8,5,5
553506985413713920,8,7,7
553509181446443008,8,7,7
553525290908262400,8,7,7
553528503573184514,8,6,6
553542208214036480,8,7,7
553542417673367552,8,7,7
553543032642220033,8,6,6
553544078768766977,8,7,7
553544266526760960,8,7,7
553558126147149825,8,7,7
553569379674521600,8,5,5
553572914923323392,8,6,6
553581209193050112,8,6,6
553583809602801665,8,7,7
553589860880375808,8,6,6
553589860892942337,8,7,7
553591760668991488,8,6,6
553592195786506240,8,5,5
552783667052167168,8,5,5
552791115599192064,8,5,5
552794942759010304,8,7,7
552801880812691456,8,2,2
552802654641225728,8,6,6
552813494345940992,8,5,5
552814767417876480,8,7,7
553124268196642816,8,4,4
553470733180223489,8,7,7
553477692591726592,8,7,7
553493222052605952,8,6,6
553529941938425857,8,6,6
553531781690163201,8,7,7
553534838880608256,8,7,7
553554351633858560,8,4,4
553558513210105856,8,4,4
553587329626292224,8,7,7
553587735613952001,8,3,3
552787144415404032,7,3,3
552787914271510529,7,6,6
552802531672588288,7,5,5
552804592988479488,7,5,5
552805853762699264,7,6,6
552807536894947329,7,3,3
552807658869493760,7,6,6
552807783385800705,7,6,6
552812847651377153,7,3,3
552814076167213056,7,5,5
552814916567322624,7,4,4
552820156980670464,7,4,4
552820384039706624,7,4,4
552821223676444672,7,6,6
552821991850668032,7,6,6
552824885484224513,7,4,4
552826060455550976,7,5,5
552826150141960192,7,5,5
552827979093385216,7,6,6
552829904396775425,7,6,6
552831230735962113,7,6,6
552831705351225344,7,6,6
552836095332081664,7,6,6
552838074636718080,7,6,6
552839028350136320,7,5,5
552839270395035649,7,5,5
552839385209917440,7,6,6
552841650582847488,7,6,6
552846287314640897,7,6,6
552978586559188992,7,5,5
552982816045408256,7,5,5
552983300730404864,7,4,4
553098785132670976,7,6,6
553101388926840832,7,6,6
553102828743716864,7,6,6
553119505887395840,7,5,5
553126492579053568,7,6,6
553126953268834304,7,4,3
553135991083769856,7,5,5
553138330557108224,7,4,4
553146494271094784,7,6,6
553151328009351169,7,6,6
553161360503500801,7,4,4
553174639158231041,7,4,4
553186515359379457,7,6,6
553195852643442688,7,5,5
553199320053592067,7,6,6
553213362713399297,7,5,5
553214358948683776,7,6,6
553222048924049408,7,6,6
553225828625297408,7,3,3
553484530804613120,7,5,5
553511977478537216,7,5,5
553537870431268864,7,6,6
553538483474534400,7,6,6
553578348111085568,7,4,4
553581669710831617,7,6,6
553582465734832128,7,5,5
553585530504749057,7,6,6
553585838056280064,7,4,4
553586538928676864,7,6,6
553587708367765504,7,6,6
553587816048099328,7,6,6
553589914684895232,7,6,6
552789127792717826,7,6,6
552792193992519680,7,4,4
552798891994009601,7,6,6
552804394727927808,7,6,6
552813549291315200,7,6,6
552815540721291265,7,5,5
552816932643405824,7,6,6
552978376424964097,7,4,4
553107921081749504,7,6,6
553123329561743361,7,6,6
553470492565602305,7,6,6
553470977972375553,7,6,6
553476073703620609,7,6,6
553477943616634880,7,5,5
553478289474740224,7,5,5
553480702067736578,7,6,6
553515054503821312,7,6,6
553529935789559808,7,6,6
553531316797718528,7,6,6
553536397731442688,7,6,6
553542235661553665,7,5,5
553556060569862145,7,5,5
553590522800275456,7,6,6
552786116404072448,6,4,4
552787599031828480,6,5,5
552789886202175490,6,5,5
552806462125506560,6,4,4
552809042687819776,6,3,2
552812188315172864,6,4,4
552812416485294080,6,5,5
552814410763603968,6,5,5
552814978823385088,6,4,4
552817769604198400,6,4,4
552824769754976257,6,4,4
552825257707335680,6,5,5
552828400843620353,6,5,5
552835288725061635,6,5,5
552837610897694720,6,4,4
552843136238899200,6,5,5
552847035108323329,6,5,5
552978385572732928,6,5,5
552979275776032768,6,5,5
552980299769200640,6,4,4
552980760500916225,6,3,3
552984798671945728,6,5,5
553103832717094912,6,5,5
553107688591089664,6,5,5
553124563266306048,6,5,5
553143415899451393,6,5,5
553144448452792321,6,5,5
553145736045801472,6,5,5
553146691344695297,6,4,4
553155430055440384,6,5,5
553157352091025408,6,5,5
553158826435018752,6,5,5
553159290987364352,6,4,4
553160909208559616,6,5,5
553161401733496832,6,5,5
553180071775993857,6,5,5
553180729254113280,6,4,4
553181500104269824,6,4,4
553188225691684864,6,5,5
553189024941481985,6,5,5
553195827397926912,6,5,5
553207267685060608,6,5,5
553212702714499074,6,5,5
553214597055135744,6,5,5
553218083410952192,6,3,3
553224764924243969,6,5,5
553225701701066752,6,4,4
553227856046596097,6,4,4
553228482927263744,6,5,5
553236009081921536,6,5,5
553497508970631168,6,5,5
553517080637489154,6,4,4
553527964856352769,6,5,5
553533859032477696,6,5,5
553538456207777792,6,4,4
553538939454509056,6,5,5
553540355317334016,6,5,5
553561762466115584,6,5,5
553570914143854592,6,5,5
553582011324329984,6,5,5
553583035820802048,6,5,5
553586393189212161,6,5,5
553590811355795456,6,2,2
553591841996951553,6,5,5
552783745565347840,6,5,5
552790875492073472,6,5,5
552790878805168129,6,5,5
552792913910833152,6,4,4
552793539856588801,6,5,5
552795050502270976,6,5,5
552796863297236992,6,5,5
552818821460148226,6,4,4
552828658747187201,6,5,5
552842762505428992,6,5,5
552985912901001218,6,5,5
552986187364065281,6,3,3
553096753898323968,6,5,5
553169307824177152,6,5,5
553176753297162240,6,5,5
553202028575731713,6,5,5
553468492700454912,6,3,3
553474012446478336,6,5,5
553474965278691330,6,5,5
553481076916883456,6,5,5
553493510306152448,6,5,5
553512735192141826,6,5,5
553517713147301888,6,5,5
553535829017370625,6,5,5
553556984273072128,6,5,5
553588080964558849,6,3,3
553589372084162560,6,3,3
552789196906459136,5,4,4
552795056080691200,5,3,3
552796895513681920,5,4,4
552807582113730560,5,4,4
552808776492130304,5,4,4
552814137857036289,5,4,4
552819983915700224,5,2,2
552820735513612288,5,2,2
552825739075022848,5,4,4
552830459273809920,5,3,2
552830674357334016,5,4,4
552831978522021890,5,3,3
552833942777511937,5,3,3
552835109372825601,5,4,4
552835794646212608,5,4,4
552841157785694208,5,4,4
552842140188147712,5,3,3
552842755454799872,5,4,4
552843349246619648,5,4,4
552846625467817984,5,4,4
552847251207241728,5,4,4
552850022271033344,5,4,4
552986374765563904,5,2,2
553110751238701058,5,4,4
553124985900785666,5,4,4
553131797379551232,5,4,4
553143519536500738,5,4,4
553144384737525762,5,4,4
553156988356820992,5,4,4
553165824979386368,5,2,2
553181586829484034,5,4,4
553185854165114882,5,4,4
553192366098898945,5,4,4
553198853487611907,5,4,4
553201965002653696,5,4,4
553205691742425088,5,4,4
553219770053443585,5,4,4
553221319345844225,5,4,4
553225809444749313,5,4,4
553227441712668672,5,3,3
553480287045554176,5,4,4
553490358748061696,5,4,4
553524183594844160,5,4,4
553537740588220416,5,4,4
553545857304629248,5,4,4
553548404102414337,5,3,3
553560219981459457,5,4,4
553582206019723264,5,4,4
553585596959318016,5,4,4
553591084409184256,5,4,4
552785695845396480,5,3,3
552787544837197824,5,2,1
552795585095671808,5,4,4
552804763461775360,5,4,4
552808620187217920,5,4,4
552810138114195456,5,3,3
552815182708494336,5,4,4
552815274848964608,5,4,4
552816020403269632,5,4,4
552834445301256192,5,4,4
552982613288157184,5,4,4
553098571323437056,5,3,3
553103334626701312,5,4,4
553115236992290816,5,4,4
553472437644320769,5,4,4
553472488462901248,5,3,3
553476490315431937,5,4,4
553476600985948160,5,4,4
553487544508493825,5,4,4
553530558614351873,5,4,4
553534768537939968,5,4,4
553537537126694912,5,3,3
553537939041701888,5,4,4
553553813542797312,5,4,4
553587861837328385,5,4,4
552792131447037952,4,3,3
552796269069209600,4,3,3
552798832359374849,4,3,3
552803757864787968,4,3,3
552807071054184448,4,3,3
552814974511628289,4,3,3
552818368487911425,4,3,3
552819824007872512,4,3,3
552822465047437314,4,3,3
552822841541144577,4,2,2
552823949311369216,4,3,3
552828308744699904,4,3,3
552829622128500736,4,3,3
552831101312303104,4,3,3
552831624283693056,4,3,3
552832721945628672,4,3,3
552834623944671232,4,3,3
552841583251701761,4,3,3
552845255796461569,4,2,2
552846938677059586,4,3,3
552849515271958528,4,3,3
552980288394231809,4,3,3
552982263907241984,4,3,3
552982828963856384,4,3,3
552983003308515328,4,3,3
552984474729062401,4,3,3
553103134210666497,4,3,3
553104539898089472,4,3,3
553105493255000065,4,3,3
553121522769219584,4,3,3
553151804046082048,4,2,2
553152448077258753,4,3,3
553160213839486976,4,3,3
553172543470043136,4,3,3
553172900270727169,4,3,3
553188115033387008,4,3,3
553201539737976833,4,3,3
553218279557582849,4,3,3
553466755411369985,4,3,3
553472557978902529,4,3,3
553496228055777280,4,3,3
553516197283893248,4,3,3
553537235463979008,4,3,3
553537380209401856,4,3,3
553543467427577858,4,3,3
553544336475168769,4,3,3
553579914717577216,4,3,3
553581668142153729,4,3,3
553581958455123968,4,3,3
553582057537146880,4,3,3
553583847850663936,4,3,3
553584868685520897,4,2,2
553586798451257344,4,3,3
553589419933196288,4,3,3
552785375161499649,4,3,3
552788947219533824,4,3,3
552795566242279424,4,2,2
552804408233193473,4,3,3
552806117328568321,4,3,3
552808904137408512,4,3,3
552816600995614721,4,2,2
552978099357237248,4,3,3
552984502063337472,4,3,3
553103772852191233,4,3,3
553116915325870083,4,3,3
553130148107943937,4,3,3
553152215050125313,4,3,3
553167814941761538,4,3,3
553188382403477505,4,2,1
553472225798795264,4,2,2
553483415954411520,4,3,3
553488824656203776,4,3,3
553530524183326720,4,3,3
553532980871053312,4,3,3
553532980896231424,4,3,3
553550448154910720,4,3,3
553553173743677440,4,3,3
553553244845522945,4,3,3
553590891852886019,4,3,3
552790598823186432,3,2,2
552805209424941058,3,2,2
552810249263259649,3,2,2
552810805243412481,3,2,2
552814766369284097,3,2,2
552815091331366912,3,2,2
552815712432316417,3,2,2
552824126659104771,3,2,2
552824705703763969,3,2,2
552826724774592512,3,2,1
552831506041683970,3,2,2
552834754056556544,3,2,1
552835301547442176,3,2,2
552836444835037184,3,2,2
552837527640363010,3,2,2
552838203276021760,3,2,2
552838440103198720,3,2,2
552838710296080384,3,2,2
552848704819183616,3,2,2
552848726197559296,3,2,2
552848961372176384,3,2,2
552850116324130816,3,2,2
552851433247477760,3,2,2
553101451271352320,3,2,2
553105942460760064,3,2,2
553108153915944961,3,2,2
553128548526227456,3,2,2
553129478008758272,3,2,2
553131557892804609,3,2,1
553144928721973248,3,2,2
553148339160907776,3,2,2
553171989385728000,3,2,2
553198344034865152,3,2,2
553200552142983168,3,2,2
553214939838836736,3,2,2
553481335948709888,3,2,2
553485866346483713,3,2,2
553521697350234112,3,2,2
553560429910568960,3,2,1
553567732126736385,3,2,2
553570203678683136,3,2,2
553578191391301633,3,2,2
553582049282768897,3,2,2
553582801833185280,3,2,2
553587278564823041,3,2,2
553588704913416192,3,2,2
553589880245481472,3,2,2
552785551930454016,3,2,2
552788396733906944,3,2,2
552801954733490176,3,2,2
552817101057318913,3,2,2
552822696195932161,3,2,2
552822696200142850,3,2,2
552978184413921281,3,2,2
552980261512949760,3,2,2
553221600955621376,3,2,2
553466230989144064,3,2,2
553467311261503488,3,2,2
553471193110421504,3,2,2
553473704060284928,3,2,2
553490238979727360,3,2,2
553524086417424384,3,2,2
553530667821457408,3,2,2
553531130163773440,3,2,2
553535829529100288,3,2,2
553588106587545600,3,2,2
553588760060125185,3,2,2
552792253601947648,2,1,1
552797058990870528,2,1,1
552797114863198208,2,1,1
552798200990806016,2,1,1
552810359409897472,2,1,1
552817759684665345,2,1,1
552820265994829824,2,1,1
552823029680852992,2,1,1
552825473160736768,2,1,1
552827029692104706,2,1,1
552831420197261314,2,1,1
552835385043062784,2,1,1
552836167029514240,2,1,1
552844767281688577,2,1,1
552846353416867841,2,1,1
552848013778251777,2,1,1
552850599168196608,2,1,1
552850611524599808,2,1,1
552978519328686080,2,1,1
553117778870169600,2,1,1
553125384246804480,2,1,1
553129117215100928,2,1,1
553130475032563712,2,1,1
553138598980370433,2,1,1
553139573019406336,2,1,1
553145034720030720,2,1,1
553145690424344576,2,1,1
553149163181838336,2,1,1
553151132949053440,2,1,1
553159409476837376,2,1,1
553169114102247424,2,1,1
553185062829948928,2,1,1
553208946350362625,2,1,1
553540824768991233,2,1,1
553541834975498240,2,1,1
553559880599359488,2,1,1
553583059761897473,2,1,1
553583867664535552,2,1,1
553586959596396544,2,1,1
552787231468191744,2,1,1
552787878351474688,2,1,1
552805735885991936,2,1,1
552807210041212928,2,1,1
553137946740932608,2,1,1
553190393370923008,2,1,1
553480292498153472,2,1,1
553518053838061568,2,1,1
553535971959275520,2,1,1
553586978017775616,2,1,1
553589295525941248,2,1,1
552792518870708224,1,0,0
552800929519792128,1,0,0
552808669646036992,1,0,0
552812399997489152,1,0,0
552814627399012352,1,0,0
552816288935202817,1,0,0
552818301530025984,1,0,0
552818309050421250,1,0,0
552819474320359425,1,0,0
552820025409941506,1,0,0
552820150345297921,1,0,0
552823691500072960,1,0,0
552823984358977536,1,0,0
552826524467216385,1,0,0
552827757164371968,1,0,0
552832996676730881,1,0,0
552837016350912512,1,0,0
552837168482492416,1,0,0
552838105422913538,1,0,0
552839289919533056,1,0,0
552839936521830401,1,0,0
552840728116994049,1,0,0
552843236797349889,1,0,0
552846565950627840,1,0,0
552846698524184576,1,0,0
552846905819291649,1,0,0
552847959864274944,1,0,0
553109369886633984,1,0,0
553113944219320320,1,0,0
553124783043649537,1,0,0
553126517027262465,1,0,0
553136053112950785,1,0,0
553137068688543744,1,0,0
553139515171557376,1,0,0
553146117685522433,1,0,0
553151691512492033,1,0,0
553152208691539968,1,0,0
553177465883873280,1,0,0
553187990953295872,1,0,0
553195969282867202,1,0,0
553200047417196544,1,0,0
553214576956043264,1,0,0
553230661012975618,1,0,0
553231607449276416,1,0,0
553232137931849728,1,0,0
553235271169638400,1,0,0
553464709899616257,1,0,0
553483906096185345,1,0,0
553489907524829184,1,0,0
553497835371757568,1,0,0
553503995872808961,1,0,0
553505458162782208,1,0,0
553506091389440000,1,0,0
553526191399776257,1,0,0
553539252374757376,1,0,0
553541197491634176,1,0,0
553542093683974144,1,0,0
553547629963911170,1,0,0
553551282967830528,1,0,0
553569060882235392,1,0,0
553573066455134208,1,0,0
553573633395015680,1,0,0
553578566563426305,1,0,0
553589345186111488,1,0,0
553590746637668352,1,0,0
553590946970206208,1,0,0
552790082533752832,1,0,0
552804668951511041,1,0,0
552956517197303810,1,0,0
553176411541098499,1,0,0
553473550523580416,1,0,0
553479315711864832,1,0,0
553533607126388737,1,0,0
553587511839444994,1,0,0
553587511864598529,1,0,0
553588340432572416,1,0,0
553589720480235522,1,0,0